"day_falling","disc_size","add_imp_1","add_imp_2","add_imp_3","add_imp_4","add_imp_5","add_imp_6","add_imp_7","add_imp_8","add_imp_9","add_imp_10","add_imp_11","add_imp_12","add_imp_13","add_imp_14","add_imp_15","add_imp_16","add_imp_17","add_imp_18","add_imp_19","add_imp_20","add_imp_21","add_imp_22","add_imp_23","add_imp_24","add_imp_25","add_imp_26","add_imp_27","add_imp_28","add_imp_29","add_imp_30","add_imp_31","add_imp_32","add_imp_33","add_imp_34","add_imp_35","add_imp_36","add_imp_37","add_imp_38","add_imp_39","add_imp_40","add_imp_41","add_imp_42","add_imp_43","add_imp_44","add_imp_45","add_imp_46","add_imp_47","add_imp_48","add_imp_49","add_imp_50","add_imp_51","add_imp_52","add_imp_53","add_imp_54","add_imp_55","add_imp_56","add_imp_57","add_imp_58","add_imp_59","add_imp_60","add_imp_61","add_imp_62","add_imp_63","add_imp_64","add_imp_65","add_imp_66","add_imp_67","add_imp_68","add_imp_69","add_imp_70","add_imp_71","add_imp_72","add_imp_73","add_imp_74","add_imp_75","add_imp_76","add_imp_77","add_imp_78","add_imp_79","add_imp_80","add_imp_81","add_imp_82","add_imp_83","add_imp_84","add_imp_85","add_imp_86","add_imp_87","add_imp_88","add_imp_89","add_imp_90","add_imp_91","add_imp_92","add_imp_93","add_imp_94","add_imp_95","add_imp_96","add_imp_97","add_imp_98"
5,25.1,1,-1,-1,1,1,0,0,-1,1,0,0,1,1,-1,-1,-1,1,-1,0,1,0,1,-1,1,1,1,0,1,-1,0,0,0,0,1,0,0,0,0,-1,-1,1,1,1,1,0,-1,0,0,-1,-1,-1,-1,1,-1,1,1,1,1,0,-1,1,0,1,1,1,-1,0,-1,-1,-1,1,1,0,1,-1,1,-1,-1,1,-1,1,-1,1,1,1,1,1,-1,-1,1,1,1,1,1,0,1,0,0
15,22.1,1,-1,-1,1,1,0,-1,-1,0,0,0,1,1,0,-1,0,1,-1,-1,1,1,1,-1,1,1,0,-1,1,-1,0,-1,-1,0,1,0,-1,-1,1,-1,-1,1,0,1,1,0,0,-1,0,0,-1,-1,0,1,-1,0,1,1,1,-1,-1,1,0,1,1,1,-1,-1,1,0,1,1,0,1,1,-1,1,-1,-1,-1,1,1,-1,1,1,1,1,1,-1,-1,1,1,1,1,1,0,0,0,1
15,20.3,1,-1,-1,1,0,0,0,-1,1,1,0,1,1,0,0,-1,0,-1,-1,1,1,1,-1,1,1,1,-1,1,1,1,-1,-1,-1,1,0,0,-1,1,-1,-1,1,1,1,1,0,-1,0,0,0,-1,-1,-1,1,1,1,0,0,0,0,-1,0,0,1,1,1,-1,0,0,-1,1,1,0,0,1,-1,1,-1,-1,1,1,1,-1,0,1,1,1,1,-1,-1,0,1,1,1,0,1,0,1,1
15,18.2,1,0,-1,1,1,1,0,-1,1,1,0,0,1,1,-1,-1,0,-1,-1,1,0,1,-1,1,0,1,1,1,-1,1,-1,0,0,1,1,-1,-1,1,-1,-1,1,1,1,1,1,1,1,0,0,-1,-1,1,1,0,1,1,1,0,0,-1,1,-1,0,1,1,-1,-1,1,-1,0,1,-1,1,-1,-1,1,-1,0,0,1,0,0,1,0,1,0,0,0,0,1,1,0,1,0,1,0,1,1
15,26.3,1,-1,-1,1,0,0,1,-1,1,-1,0,1,1,1,0,-1,1,-1,-1,1,0,1,-1,1,1,1,-1,0,1,1,-1,-1,1,1,1,0,0,1,-1,-1,1,1,1,1,1,-1,0,-1,0,0,-1,1,0,0,1,1,1,-1,-1,0,1,1,1,1,1,-1,-1,0,-1,0,1,1,1,0,-1,-1,0,-1,0,0,1,-1,0,1,1,1,0,0,-1,1,0,1,1,0,1,0,0,1
15,16.5,1,-1,-1,1,1,1,0,-1,0,1,1,1,0,0,-1,0,0,-1,0,1,1,1,-1,1,1,0,0,1,0,1,-1,-1,-1,1,-1,1,-1,1,-1,-1,1,1,1,1,1,0,1,0,-1,-1,-1,-1,1,0,0,1,0,0,-1,-1,1,1,1,1,1,-1,-1,0,-1,-1,1,1,-1,0,-1,1,-1,0,1,1,1,-1,0,0,1,1,1,0,-1,1,1,1,1,-1,1,-1,0,1
16,20.6,1,-1,-1,1,1,1,0,-1,1,0,0,0,1,1,0,-1,-1,-1,-1,1,1,1,-1,1,0,1,0,1,0,0,-1,-1,-1,0,1,1,1,1,-1,-1,1,1,1,1,-1,0,0,-1,-1,-1,-1,0,1,-1,1,1,1,1,-1,-1,-1,1,0,1,1,-1,0,0,-1,0,0,0,1,1,-1,1,-1,-1,0,1,0,-1,1,0,1,1,0,-1,0,1,1,-1,1,-1,1,0,0,1
16,18.1,1,-1,-1,0,1,1,-1,-1,0,1,-1,1,1,1,-1,-1,0,-1,-1,1,1,1,-1,0,0,0,0,1,0,1,-1,1,0,1,0,0,0,1,-1,-1,1,1,1,1,0,0,0,1,-1,-1,-1,0,1,-1,1,1,1,0,0,-1,1,-1,1,1,1,-1,0,1,0,0,1,1,0,1,-1,1,0,0,0,0,0,-1,1,0,1,1,1,-1,-1,1,0,1,1,1,1,0,1,1
16,23.2,0,-1,-1,1,1,0,0,-1,1,1,0,0,1,-1,0,-1,0,-1,-1,1,0,1,-1,0,0,0,1,1,-1,0,-1,1,0,1,0,-1,-1,1,-1,-1,1,1,1,1,0,0,0,0,0,0,-1,0,1,0,1,1,1,1,-1,-1,1,-1,0,1,1,-1,0,-1,-1,0,1,1,-1,1,-1,1,-1,-1,-1,1,1,-1,0,0,1,-1,1,-1,-1,1,1,1,1,0,1,-1,1,0
18,22.5,1,-1,-1,1,1,0,1,-1,0,1,-1,0,1,1,0,-1,0,-1,-1,0,0,1,-1,1,0,1,0,1,0,1,0,-1,0,1,1,0,0,1,-1,-1,1,0,1,1,0,-1,1,0,0,0,-1,0,0,-1,1,1,-1,-1,-1,0,1,0,1,1,1,-1,0,0,0,-1,1,0,1,1,-1,1,-1,-1,0,1,1,-1,-1,1,1,0,1,-1,0,1,1,1,1,-1,1,0,0,1
18,14.5,1,0,-1,1,1,0,0,-1,1,1,0,0,1,1,0,1,1,-1,0,1,0,1,-1,1,1,-1,0,1,0,-1,-1,0,1,0,0,-1,-1,1,-1,-1,1,-1,1,1,1,1,1,-1,0,-1,-1,0,1,0,0,0,0,0,-1,0,1,0,1,1,1,-1,0,-1,-1,0,1,0,1,1,-1,0,-1,-1,1,0,1,-1,1,1,1,0,1,1,0,1,1,1,1,0,1,-1,-1,1
18,27.5,0,0,-1,1,1,1,-1,-1,1,-1,-1,1,1,0,-1,-1,1,-1,-1,1,1,1,-1,0,0,0,-1,1,1,1,-1,-1,0,0,0,-1,-1,1,-1,-1,1,1,1,1,1,0,0,-1,-1,-1,-1,-1,1,0,1,1,1,0,-1,-1,1,0,0,1,1,-1,0,-1,1,0,1,0,1,0,-1,0,-1,1,1,0,0,-1,1,1,1,-1,0,-1,-1,1,0,1,1,-1,1,-1,-1,1
18,28.2,1,-1,-1,1,1,0,-1,0,-1,1,0,1,1,1,-1,0,0,-1,-1,1,0,1,-1,1,1,1,0,1,1,1,-1,-1,0,0,0,-1,-1,1,-1,-1,1,1,1,1,1,0,0,-1,0,-1,-1,1,1,-1,1,0,0,0,-1,0,1,0,0,1,1,-1,-1,0,0,0,1,1,1,1,-1,1,-1,-1,1,1,0,-1,0,1,1,-1,1,-1,-1,1,1,1,1,0,1,0,0,0
18,27.5,1,-1,-1,1,1,1,0,-1,1,1,0,1,1,1,-1,0,0,-1,-1,1,0,1,-1,1,0,-1,-1,1,-1,0,-1,0,0,1,0,0,-1,1,-1,-1,1,1,1,1,0,1,0,-1,-1,-1,0,1,0,1,0,1,1,1,-1,-1,1,0,1,1,1,0,0,0,0,0,1,1,0,1,-1,0,-1,-1,0,0,0,-1,1,1,1,0,0,-1,0,1,0,0,1,1,1,-1,0,1
18,26.7,1,-1,-1,1,1,0,1,-1,1,1,-1,0,1,0,-1,-1,-1,-1,-1,1,1,1,-1,1,1,1,-1,1,0,0,-1,0,1,0,1,-1,-1,1,-1,-1,1,1,1,1,1,-1,-1,0,-1,-1,0,1,0,0,1,0,0,1,-1,-1,1,0,0,1,1,-1,-1,0,-1,0,1,1,0,1,-1,1,-1,0,1,1,0,0,-1,0,1,1,1,1,0,1,1,1,1,1,1,0,0,1
18,28,0,-1,-1,1,1,0,-1,-1,1,0,1,1,1,0,-1,-1,1,-1,-1,0,0,1,-1,1,-1,0,0,0,0,0,-1,-1,0,-1,1,-1,-1,1,-1,-1,1,0,0,1,0,-1,0,-1,0,-1,-1,1,0,1,1,-1,0,0,-1,-1,1,-1,1,1,1,-1,1,0,0,0,1,0,1,-1,-1,0,-1,-1,0,0,0,-1,0,1,1,0,-1,-1,-1,1,1,1,1,1,1,1,1,0
18,19.7,1,0,-1,1,1,0,-1,-1,1,1,0,1,1,-1,0,-1,0,-1,-1,0,0,1,-1,1,-1,0,0,1,1,1,-1,-1,0,1,0,1,0,1,-1,-1,1,1,1,1,0,1,0,-1,0,-1,-1,0,1,1,0,1,1,0,-1,-1,0,1,1,1,1,-1,-1,-1,0,1,0,0,-1,1,-1,1,-1,-1,0,0,0,-1,0,1,1,0,0,-1,0,1,1,1,1,-1,1,-1,-1,0
18,22.1,1,0,-1,1,1,1,-1,-1,1,1,-1,0,0,0,-1,0,0,-1,-1,1,0,0,-1,1,0,1,-1,1,0,1,-1,0,0,0,1,0,-1,1,-1,-1,1,1,1,1,1,-1,-1,0,0,-1,-1,0,1,1,1,0,0,1,-1,-1,1,-1,0,1,1,-1,1,-1,0,0,0,1,-1,1,-1,0,-1,-1,1,0,1,-1,-1,1,1,0,0,0,-1,1,0,1,1,1,1,0,1,1
18,17.2,1,-1,-1,1,1,1,0,-1,1,1,-1,1,1,0,-1,-1,0,-1,-1,1,0,1,-1,1,1,0,0,1,-1,1,-1,0,0,1,1,-1,-1,1,-1,-1,1,1,1,1,1,-1,-1,0,1,-1,-1,-1,0,0,1,0,-1,1,0,0,0,-1,1,1,1,-1,-1,-1,0,0,1,-1,1,-1,-1,1,-1,-1,0,0,0,-1,-1,1,1,0,1,-1,-1,1,0,0,1,0,0,-1,1,0
19,23.8,1,0,-1,1,1,1,0,-1,0,1,1,0,1,0,0,-1,0,-1,0,1,1,1,-1,1,0,0,1,1,0,0,-1,-1,1,1,0,0,-1,1,-1,-1,1,1,-1,1,0,0,1,0,0,-1,-1,0,1,1,1,0,0,1,-1,0,1,1,0,1,1,-1,0,0,1,1,0,1,1,0,-1,1,-1,0,1,1,1,-1,-1,1,1,0,1,-1,-1,1,1,1,1,1,1,-1,1,1
19,16.5,1,0,-1,1,1,0,0,-1,0,1,-1,0,0,1,-1,-1,0,-1,-1,1,0,1,-1,1,-1,1,-1,1,1,0,-1,-1,0,0,1,-1,-1,1,-1,-1,1,1,1,1,0,0,0,0,1,-1,-1,1,1,1,1,1,0,1,-1,-1,1,-1,1,1,1,-1,-1,0,-1,0,1,0,0,1,-1,0,0,0,0,1,1,-1,0,1,1,1,1,-1,-1,1,0,1,1,0,1,0,0,0
19,25.5,1,-1,-1,1,1,1,0,-1,1,1,0,1,1,1,0,-1,0,-1,-1,1,1,1,-1,1,1,1,-1,1,-1,-1,-1,0,-1,1,-1,-1,-1,1,0,0,1,0,1,1,-1,-1,-1,0,0,0,-1,1,1,0,-1,0,-1,0,-1,-1,1,0,1,1,1,-1,1,0,0,0,0,0,1,0,-1,1,-1,-1,1,1,1,0,0,1,1,0,1,-1,0,1,1,0,1,1,1,-1,0,1
19,16.3,1,0,-1,1,0,0,0,-1,-1,1,-1,1,1,0,-1,-1,0,-1,-1,1,0,1,-1,1,0,0,-1,1,0,0,0,-1,1,1,-1,0,-1,1,-1,-1,1,1,1,1,1,-1,0,0,0,-1,-1,1,1,1,1,0,0,1,-1,0,1,-1,0,1,1,-1,-1,-1,-1,1,0,0,0,1,-1,0,-1,0,-1,1,1,-1,0,1,1,0,0,-1,-1,1,0,1,1,0,1,0,0,0
20,20.9,0,0,-1,1,1,1,1,-1,0,0,-1,0,1,1,-1,-1,0,-1,-1,1,1,1,-1,1,1,1,0,1,0,1,-1,0,0,1,0,0,0,1,-1,-1,1,0,1,1,0,0,0,-1,0,-1,-1,0,1,1,0,0,0,-1,0,-1,0,0,1,1,0,-1,-1,-1,0,0,1,1,-1,1,-1,1,-1,0,0,1,0,-1,0,1,1,0,1,-1,0,1,1,0,1,1,1,0,-1,1
20,24.7,1,-1,-1,0,1,0,0,-1,0,0,1,1,1,-1,-1,0,0,-1,-1,1,0,0,-1,1,1,1,0,1,0,0,-1,0,-1,0,1,-1,0,1,-1,-1,1,1,1,1,-1,-1,0,0,-1,-1,-1,-1,0,1,1,0,0,0,-1,0,1,0,1,1,1,-1,-1,-1,1,1,1,1,-1,1,-1,1,-1,-1,1,1,1,-1,0,1,1,-1,1,-1,-1,1,1,0,1,1,1,1,0,1
20,22.8,1,-1,-1,1,1,1,1,-1,1,0,0,1,1,1,-1,0,0,-1,-1,1,0,1,-1,1,1,0,-1,1,0,-1,-1,-1,1,0,1,-1,0,1,-1,-1,1,0,1,1,-1,0,-1,1,1,-1,-1,0,1,0,1,-1,-1,0,-1,-1,0,-1,0,1,1,-1,-1,0,-1,-1,1,1,-1,1,-1,0,-1,-1,0,-1,1,-1,-1,1,1,1,1,-1,-1,1,0,1,1,1,1,1,0,1
20,28.5,1,-1,-1,1,1,0,0,-1,1,1,0,1,1,0,-1,-1,1,-1,-1,1,1,1,-1,1,1,1,-1,1,1,1,-1,1,0,1,0,0,0,1,-1,-1,1,1,1,1,1,-1,0,0,0,-1,-1,-1,1,1,1,1,0,0,-1,-1,1,0,1,1,1,-1,-1,0,0,1,1,0,1,1,-1,0,-1,0,0,1,1,-1,-1,1,1,1,1,-1,-1,1,1,1,1,0,1,0,0,1
20,24.3,1,-1,-1,1,1,1,0,-1,0,0,1,0,1,1,0,1,1,-1,-1,1,1,1,-1,1,-1,1,-1,1,1,0,-1,0,1,1,1,-1,-1,1,-1,-1,1,1,1,1,0,-1,1,-1,0,-1,-1,0,0,0,1,0,-1,0,0,-1,1,1,1,0,1,-1,1,0,1,0,0,0,0,0,0,0,-1,-1,0,0,1,-1,0,1,1,-1,0,-1,-1,1,1,1,1,1,1,0,0,-1
20,19.3,1,0,-1,1,1,0,0,0,-1,1,-1,0,1,1,1,-1,1,-1,0,0,0,0,-1,1,0,0,0,1,1,0,-1,-1,1,1,1,1,-1,0,-1,-1,1,1,1,1,0,-1,-1,1,-1,-1,-1,0,1,-1,1,1,0,1,-1,-1,1,-1,1,1,1,-1,-1,0,-1,0,1,-1,0,1,-1,1,-1,-1,0,1,0,-1,-1,-1,1,1,1,1,-1,1,1,-1,1,0,0,0,0,1
21,23.1,1,1,-1,0,1,1,0,0,-1,1,1,-1,1,0,-1,-1,1,-1,-1,1,1,1,-1,1,-1,0,-1,1,0,0,-1,-1,0,0,0,0,-1,1,0,-1,1,1,1,1,1,0,0,0,-1,0,-1,-1,0,-1,0,0,0,0,-1,-1,1,1,1,1,1,-1,-1,-1,1,-1,0,0,0,0,-1,1,-1,-1,1,1,0,-1,1,1,1,-1,1,0,-1,1,1,1,1,1,1,0,1,1
21,25.4,1,0,-1,1,1,1,-1,-1,1,1,-1,1,0,1,-1,0,0,-1,-1,1,1,1,-1,1,1,0,0,0,1,0,-1,-1,-1,1,0,-1,-1,1,-1,-1,1,1,1,1,1,0,1,1,0,-1,-1,1,1,1,1,1,0,-1,-1,-1,1,0,1,1,1,-1,-1,1,0,1,1,0,1,1,-1,1,1,-1,1,-1,1,-1,-1,1,1,1,0,0,-1,1,-1,0,1,0,1,1,0,1
21,18.9,0,-1,-1,1,1,0,-1,-1,1,1,0,1,1,1,0,0,0,-1,-1,1,0,1,-1,1,1,0,1,1,-1,0,0,1,0,1,1,-1,1,1,-1,-1,1,1,1,1,0,-1,1,0,0,0,-1,1,1,0,1,1,0,0,1,-1,1,1,1,1,1,-1,-1,0,0,0,1,0,1,0,-1,1,-1,-1,0,1,1,-1,0,1,1,0,1,0,-1,1,1,0,1,0,1,0,0,1
21,22.2,1,0,-1,1,1,1,-1,-1,0,-1,1,1,1,0,-1,-1,0,-1,-1,1,1,1,-1,1,0,0,-1,1,-1,0,0,-1,0,1,1,-1,-1,1,-1,-1,1,1,1,1,1,-1,0,-1,0,-1,-1,0,1,0,1,-1,-1,0,-1,-1,1,0,1,1,1,-1,0,1,-1,-1,1,1,1,1,-1,1,-1,-1,0,0,0,0,0,0,1,1,1,-1,-1,1,0,1,1,0,1,-1,-1,0
21,28.2,1,-1,-1,1,1,0,0,0,0,0,1,1,1,-1,-1,-1,0,-1,-1,0,1,1,-1,1,0,0,0,1,0,1,-1,0,-1,1,-1,1,-1,1,-1,-1,1,1,1,1,0,-1,0,1,0,-1,-1,1,1,-1,1,0,0,-1,-1,-1,1,0,1,1,1,-1,-1,-1,0,0,1,0,0,1,-1,1,-1,-1,1,1,1,-1,-1,1,1,0,1,0,-1,1,1,0,1,0,1,-1,0,1
21,21.7,1,-1,-1,1,1,0,1,-1,1,1,0,1,1,1,-1,0,-1,-1,-1,1,0,0,-1,1,0,0,0,1,1,1,-1,-1,1,1,1,0,-1,1,-1,-1,1,1,1,1,-1,0,-1,0,-1,-1,0,1,1,1,1,1,1,0,-1,0,1,1,1,1,1,-1,0,-1,-1,1,1,0,1,1,-1,0,-1,0,0,0,1,0,-1,1,1,1,1,-1,-1,1,1,1,1,1,1,-1,0,1
21,26.3,1,0,-1,1,1,1,0,-1,0,1,1,1,1,-1,-1,-1,0,-1,-1,1,0,1,-1,1,1,0,0,1,-1,1,-1,1,1,1,0,1,0,1,-1,-1,1,1,1,1,1,0,-1,0,-1,-1,-1,1,1,0,-1,1,1,-1,0,-1,0,0,1,1,1,-1,-1,0,0,-1,1,1,1,1,-1,0,0,0,0,-1,1,0,0,1,1,0,1,-1,-1,1,0,1,1,0,1,0,0,1
21,20.1,1,-1,-1,1,1,0,0,-1,0,1,0,0,1,1,0,-1,0,-1,-1,1,-1,1,-1,1,1,0,0,0,1,-1,-1,0,1,1,1,-1,-1,1,-1,-1,1,1,1,1,1,0,-1,0,-1,-1,-1,1,1,-1,-1,0,0,-1,-1,-1,1,-1,0,1,1,-1,-1,1,1,0,1,1,0,1,0,1,-1,-1,-1,1,1,-1,-1,1,1,0,1,-1,-1,1,1,1,1,0,1,1,1,1
21,15.2,1,-1,-1,1,1,0,-1,-1,-1,1,-1,0,1,0,-1,-1,1,-1,0,0,0,1,-1,1,1,1,0,1,1,0,-1,-1,1,1,0,0,-1,1,-1,-1,1,1,1,1,1,-1,-1,1,0,-1,-1,0,1,0,1,-1,-1,0,-1,-1,1,-1,1,1,1,-1,0,0,-1,1,1,1,1,1,-1,1,-1,0,1,1,0,-1,1,1,1,0,1,-1,-1,1,0,1,1,0,1,1,0,1
21,20.4,1,-1,-1,1,1,0,0,-1,-1,1,0,1,0,1,0,0,0,-1,-1,1,1,1,-1,1,0,1,0,1,0,0,-1,1,0,0,1,-1,0,1,-1,-1,1,0,1,1,0,0,-1,1,0,0,-1,0,-1,0,1,0,0,0,-1,0,1,0,0,1,1,-1,-1,1,-1,1,1,1,1,1,-1,-1,-1,-1,1,0,0,-1,0,1,1,0,0,0,0,1,1,1,1,-1,1,0,0,0
21,26.2,1,0,-1,1,1,-1,-1,-1,1,0,0,1,1,1,-1,-1,0,-1,-1,1,1,1,-1,0,-1,0,-1,1,1,1,-1,1,0,1,1,0,0,1,-1,-1,1,0,1,1,0,1,0,0,0,-1,-1,0,1,1,1,-1,0,1,0,-1,1,-1,1,1,1,-1,-1,0,-1,-1,1,1,0,-1,-1,1,-1,-1,0,1,1,0,1,1,1,1,1,0,-1,1,0,0,1,0,1,1,0,1
21,14.6,1,-1,-1,1,1,1,-1,-1,1,1,-1,0,1,1,-1,-1,1,-1,-1,1,0,1,-1,1,1,-1,-1,1,0,1,-1,0,0,1,1,1,-1,1,-1,-1,1,-1,1,1,1,0,1,0,0,-1,-1,0,1,0,1,1,1,1,0,-1,1,0,1,1,1,-1,0,0,0,0,1,1,0,1,-1,1,0,1,1,1,1,-1,1,1,1,-1,0,-1,0,1,1,1,1,1,1,-1,0,1
21,15,1,-1,-1,1,1,0,1,-1,1,0,1,1,1,-1,-1,-1,1,-1,-1,1,1,1,-1,0,0,0,0,1,0,0,-1,0,1,0,1,-1,-1,1,-1,-1,1,1,0,1,1,0,1,0,0,-1,-1,0,1,1,1,1,0,1,-1,-1,0,-1,1,1,1,-1,-1,1,0,0,1,0,1,0,-1,1,-1,-1,-1,1,0,-1,0,1,1,0,1,-1,-1,1,0,0,1,1,1,-1,1,1
21,24.7,1,0,-1,1,1,0,1,-1,1,1,-1,1,0,0,0,0,0,-1,0,1,0,1,-1,1,1,0,-1,1,1,0,-1,-1,-1,1,0,0,-1,1,-1,-1,1,1,1,1,1,0,0,1,0,-1,-1,1,0,1,1,0,-1,0,-1,-1,1,0,1,1,1,-1,0,-1,-1,1,1,-1,1,0,-1,1,-1,-1,0,-1,1,-1,0,1,1,1,1,-1,-1,1,0,1,1,1,1,1,1,1
21,18.5,1,0,-1,1,1,1,0,-1,0,1,0,1,1,1,-1,-1,1,-1,-1,1,0,1,-1,0,0,1,0,1,1,0,-1,-1,1,1,1,1,-1,1,-1,-1,1,0,1,0,-1,0,-1,0,0,-1,-1,0,1,0,1,1,1,1,-1,-1,1,0,0,1,1,-1,-1,-1,0,1,1,0,0,1,-1,0,-1,0,0,0,1,1,-1,0,1,-1,1,-1,-1,1,1,0,1,1,1,-1,0,1
21,17.3,1,-1,-1,1,1,1,0,0,0,0,-1,0,1,1,-1,-1,1,-1,-1,1,-1,1,-1,1,0,1,-1,1,1,0,0,-1,-1,1,0,0,-1,1,-1,-1,1,0,1,1,1,0,1,0,0,-1,-1,1,0,-1,1,-1,-1,0,-1,-1,1,0,0,1,1,-1,-1,1,0,1,1,1,0,0,-1,0,-1,-1,-1,0,1,-1,-1,1,1,-1,1,0,-1,1,1,-1,1,0,1,-1,1,1
21,27.9,1,-1,-1,1,1,0,0,-1,1,1,-1,1,1,0,0,-1,0,-1,-1,1,0,1,-1,1,0,1,0,1,-1,0,-1,0,-1,1,1,-1,0,1,-1,-1,1,0,1,1,1,0,0,-1,-1,-1,-1,1,1,1,1,0,0,0,0,-1,0,0,1,1,1,-1,-1,0,0,-1,0,1,0,-1,-1,1,-1,-1,1,1,0,-1,1,1,1,0,1,-1,-1,1,1,1,1,0,1,0,1,0
21,19.3,1,-1,-1,1,1,0,1,0,0,1,0,0,1,1,-1,-1,-1,-1,-1,1,0,1,-1,1,0,1,-1,1,0,1,-1,0,0,1,1,1,-1,1,0,-1,1,1,1,1,0,-1,0,0,-1,-1,-1,1,1,1,0,-1,-1,1,-1,-1,1,-1,0,1,1,-1,0,0,0,0,0,0,1,1,-1,-1,-1,-1,0,1,1,-1,-1,1,1,0,0,0,-1,1,1,1,1,1,0,-1,-1,1
21,19.4,1,-1,-1,1,1,-1,0,-1,0,1,0,-1,1,0,-1,-1,1,-1,-1,1,-1,1,-1,1,0,-1,-1,1,0,0,-1,0,0,1,1,-1,0,1,-1,-1,1,1,1,1,0,-1,0,0,-1,0,-1,1,0,0,1,1,0,0,0,-1,0,0,0,1,1,-1,0,-1,-1,1,0,1,0,1,-1,1,-1,0,1,-1,0,0,0,1,1,1,1,-1,-1,1,1,1,1,1,1,-1,1,1
21,23.6,1,-1,-1,1,1,0,0,-1,1,1,0,0,1,0,0,0,1,-1,-1,1,0,1,0,1,1,1,1,1,1,-1,-1,-1,-1,1,1,1,-1,1,0,-1,1,1,1,0,1,-1,-1,-1,0,-1,-1,0,1,-1,0,0,-1,1,-1,-1,-1,0,1,1,1,-1,0,-1,1,1,1,0,1,1,-1,1,-1,0,1,1,0,0,0,0,1,-1,0,-1,0,1,1,1,1,0,1,0,0,1
21,15.9,1,-1,-1,1,1,0,0,0,0,0,0,1,1,0,-1,-1,0,-1,-1,1,-1,1,-1,1,1,0,0,1,0,1,-1,-1,1,1,1,-1,-1,0,-1,-1,1,1,1,1,1,-1,0,-1,1,-1,-1,0,0,1,0,1,1,0,-1,-1,0,-1,1,1,1,-1,-1,0,1,1,0,1,1,0,-1,1,1,-1,1,0,1,0,1,1,1,-1,0,-1,-1,1,0,0,1,0,1,0,1,1
23,28.4,1,-1,-1,1,1,1,1,-1,1,1,0,0,1,0,-1,1,1,-1,-1,1,0,0,-1,1,0,1,-1,1,0,1,-1,0,0,-1,1,-1,-1,1,-1,-1,1,1,1,0,0,-1,0,0,-1,-1,-1,0,1,1,1,1,1,0,0,-1,1,0,0,0,1,-1,-1,1,-1,1,1,0,0,1,-1,1,-1,-1,0,0,1,-1,0,1,1,0,0,-1,-1,1,0,-1,1,0,1,0,1,0
23,23.6,0,-1,-1,1,1,1,1,-1,1,-1,0,1,1,0,0,0,0,-1,-1,1,-1,1,-1,1,1,1,-1,1,0,0,-1,0,1,1,1,-1,-1,1,0,0,1,1,1,1,0,0,0,-1,1,-1,-1,-1,1,0,1,1,1,0,-1,-1,1,0,1,1,1,-1,-1,0,1,1,1,0,0,1,-1,0,-1,-1,0,1,1,-1,-1,1,0,-1,1,-1,-1,1,0,1,1,-1,1,0,0,1
23,27.6,1,-1,-1,1,1,0,0,-1,1,1,-1,0,1,1,0,0,1,-1,-1,0,-1,1,-1,1,1,1,-1,1,0,1,-1,-1,0,1,1,0,-1,1,0,0,1,1,1,1,1,-1,1,0,0,-1,-1,0,1,-1,1,0,0,0,-1,-1,1,0,1,1,1,-1,-1,1,1,1,1,1,1,1,-1,1,-1,-1,0,1,1,-1,-1,1,1,-1,1,-1,-1,1,0,1,1,0,1,1,-1,1
23,26.5,0,0,-1,1,1,0,0,-1,0,1,0,0,0,0,-1,0,0,-1,-1,0,0,1,0,1,1,0,0,1,0,0,-1,-1,1,1,1,-1,0,1,-1,-1,1,1,1,1,1,-1,-1,1,0,-1,-1,1,1,1,1,1,1,0,-1,-1,1,0,0,1,1,-1,1,0,0,-1,1,1,1,0,-1,1,-1,-1,1,0,1,-1,0,1,1,-1,1,-1,-1,1,0,1,1,1,1,-1,0,1
23,23.6,1,0,-1,1,1,0,0,-1,0,1,-1,1,1,1,-1,0,-1,-1,-1,1,1,1,-1,1,1,-1,0,1,1,0,-1,0,0,1,1,1,-1,1,-1,-1,1,1,1,1,0,-1,-1,-1,0,-1,-1,0,1,0,1,1,1,1,-1,-1,1,0,1,0,1,-1,-1,1,-1,1,1,0,1,0,-1,1,-1,0,0,0,1,-1,1,0,1,1,1,-1,0,1,1,0,1,0,1,-1,0,1
23,17.5,0,-1,-1,1,1,0,0,-1,1,1,-1,-1,1,1,-1,0,0,-1,-1,1,1,1,-1,1,1,-1,0,1,0,1,-1,-1,1,1,-1,0,-1,1,-1,-1,1,1,1,1,0,-1,1,0,-1,-1,-1,0,0,-1,1,0,-1,0,-1,-1,1,-1,1,1,1,-1,0,0,1,0,0,0,0,1,-1,1,-1,0,0,1,1,-1,-1,1,1,0,1,-1,-1,1,0,1,1,0,1,-1,0,1
23,24.7,0,0,-1,1,1,1,0,0,0,1,0,1,1,1,-1,-1,0,-1,-1,1,0,1,-1,1,-1,1,0,1,1,1,-1,0,1,1,0,0,-1,1,-1,-1,1,-1,1,0,0,0,0,0,1,-1,-1,0,1,1,0,0,0,1,-1,-1,1,-1,0,1,1,-1,-1,0,-1,1,1,-1,-1,1,0,0,-1,-1,1,0,1,0,0,1,1,1,0,-1,0,1,1,1,1,0,1,0,0,1
23,25.1,1,0,-1,1,1,-1,-1,1,-1,1,-1,1,1,1,0,-1,0,-1,-1,0,1,1,0,1,0,0,-1,1,0,0,-1,-1,0,0,1,0,-1,1,-1,-1,1,1,1,1,1,1,-1,1,0,-1,-1,0,1,-1,1,1,1,0,-1,-1,0,0,0,1,1,-1,0,0,0,-1,0,0,1,1,-1,1,0,-1,0,1,0,-1,1,1,1,0,1,-1,-1,0,1,1,1,0,1,0,-1,1
23,25.6,1,-1,-1,1,1,0,0,-1,1,0,1,0,1,1,-1,1,1,-1,-1,1,0,1,1,1,0,1,-1,1,0,0,-1,0,1,0,1,-1,-1,1,-1,-1,1,1,1,1,1,0,1,-1,0,-1,-1,-1,1,0,1,1,1,0,-1,-1,0,1,0,1,1,-1,-1,0,-1,1,0,1,1,0,-1,1,-1,-1,0,1,1,-1,1,0,1,1,0,-1,-1,1,1,0,1,0,1,1,0,1
23,25,0,-1,-1,1,1,0,0,-1,1,1,0,1,1,0,-1,-1,1,-1,-1,1,0,1,-1,1,1,1,0,1,1,1,-1,1,1,0,1,0,-1,1,-1,-1,1,1,1,1,0,-1,-1,-1,-1,0,-1,1,1,-1,0,0,-1,0,-1,-1,1,-1,1,1,1,-1,-1,-1,-1,0,1,0,-1,0,-1,1,-1,-1,1,1,0,0,1,0,1,0,1,-1,-1,1,1,0,1,0,1,0,0,0
23,20,1,-1,-1,1,1,0,1,-1,1,0,1,-1,0,-1,0,1,0,-1,-1,1,0,1,-1,1,0,1,0,1,1,1,-1,0,0,0,0,-1,-1,1,-1,-1,1,1,1,1,1,-1,-1,-1,0,-1,-1,0,1,-1,1,-1,0,0,-1,-1,1,0,0,1,1,-1,0,-1,1,-1,1,1,0,1,-1,0,-1,0,1,0,1,0,-1,1,1,-1,0,-1,-1,1,-1,1,1,0,1,0,0,1
23,22.4,1,-1,-1,1,1,1,0,-1,1,1,-1,0,1,1,-1,0,1,-1,-1,0,0,1,-1,1,1,1,-1,1,0,1,0,0,1,1,1,-1,-1,1,0,0,1,0,1,1,1,-1,1,-1,0,-1,-1,0,0,0,0,0,-1,-1,-1,-1,1,1,0,1,1,-1,0,0,0,1,1,1,1,1,-1,0,-1,0,1,1,1,0,0,1,1,-1,1,-1,-1,1,1,1,1,0,1,0,1,1
23,24.9,1,0,-1,1,1,1,0,0,0,1,-1,-1,0,0,-1,1,0,-1,-1,1,1,1,-1,1,1,1,0,0,0,0,-1,0,1,1,1,-1,-1,1,-1,-1,0,1,1,1,0,-1,0,0,-1,-1,-1,0,-1,-1,0,1,0,0,-1,0,0,1,1,1,1,-1,-1,1,-1,0,1,0,0,1,-1,1,-1,-1,-1,1,0,-1,-1,1,1,1,1,-1,-1,1,1,-1,1,0,1,-1,0,0
23,22.5,1,-1,-1,1,1,0,1,-1,0,1,0,1,1,1,-1,0,1,-1,-1,1,1,1,-1,1,0,-1,0,1,0,1,-1,-1,0,1,0,0,-1,1,-1,-1,1,1,1,1,1,-1,1,0,-1,-1,-1,-1,1,1,1,1,-1,1,-1,-1,1,-1,1,1,1,-1,1,0,-1,0,0,1,0,0,-1,1,-1,-1,0,-1,1,0,0,1,1,1,0,-1,0,1,1,0,1,0,1,-1,1,1
23,20.6,1,0,-1,0,1,0,0,-1,1,0,-1,1,1,0,-1,0,0,-1,-1,1,0,1,-1,1,0,1,0,1,1,1,-1,1,0,1,0,0,-1,1,0,0,1,0,1,1,0,0,1,1,0,-1,-1,0,1,0,1,1,1,-1,-1,-1,1,0,0,1,1,-1,-1,0,0,-1,0,-1,0,0,-1,1,0,-1,0,1,1,0,0,1,1,0,1,-1,-1,1,1,1,1,1,1,-1,0,1
23,18.2,1,-1,-1,0,1,1,1,-1,1,1,0,0,1,1,-1,-1,1,-1,-1,1,0,1,-1,1,1,0,-1,1,1,0,-1,-1,0,1,0,0,-1,0,-1,-1,1,1,1,1,0,-1,-1,0,-1,-1,-1,1,1,1,1,-1,-1,-1,-1,-1,1,0,0,1,1,-1,-1,-1,1,0,1,1,0,1,-1,0,-1,-1,1,1,0,-1,1,1,1,0,1,0,0,1,1,1,1,1,0,1,0,1
23,25.3,0,1,-1,1,1,-1,0,-1,1,1,-1,1,1,1,-1,-1,-1,-1,-1,1,1,1,-1,1,1,0,-1,1,0,-1,-1,0,1,1,1,-1,-1,1,-1,-1,1,1,1,1,1,-1,-1,-1,-1,-1,-1,1,1,0,1,1,0,0,0,-1,1,1,0,1,1,-1,-1,1,0,-1,0,1,1,1,-1,1,-1,-1,1,0,0,-1,1,1,1,0,0,-1,-1,1,0,0,1,1,0,-1,-1,1
23,17.6,1,-1,-1,1,1,1,0,-1,1,1,-1,0,1,1,-1,-1,0,-1,0,1,0,1,-1,1,1,0,-1,1,0,0,-1,-1,0,1,0,-1,-1,1,-1,-1,1,1,1,1,0,0,0,1,1,-1,-1,1,1,1,1,-1,-1,1,-1,-1,1,-1,1,1,1,-1,0,0,1,1,-1,1,0,0,-1,1,-1,-1,0,0,1,0,0,1,1,-1,0,-1,-1,1,1,1,1,1,0,0,0,1
23,23.9,1,-1,-1,1,1,-1,0,-1,1,1,-1,0,1,-1,-1,-1,0,-1,-1,1,1,1,-1,1,1,0,-1,1,0,-1,-1,0,1,0,0,-1,-1,1,-1,-1,1,1,1,1,1,-1,-1,-1,0,-1,-1,-1,1,1,1,1,1,1,-1,-1,1,-1,1,1,1,-1,-1,-1,-1,1,1,1,-1,0,-1,1,0,-1,1,0,1,-1,0,1,1,1,0,-1,-1,1,0,1,1,1,0,1,0,1
23,23.4,1,-1,-1,1,1,0,1,-1,1,1,-1,1,1,0,-1,-1,0,-1,-1,1,1,1,-1,1,1,0,-1,1,0,0,-1,-1,1,1,0,0,-1,1,-1,-1,1,1,1,1,1,-1,-1,0,0,-1,-1,1,0,1,0,0,0,1,-1,-1,1,1,0,1,1,-1,-1,0,0,0,1,1,-1,0,-1,1,0,-1,0,0,1,0,0,1,1,0,1,0,-1,1,1,1,1,0,1,0,1,-1
23,19.6,0,-1,-1,1,1,0,1,-1,1,1,-1,-1,1,-1,0,0,0,-1,-1,1,0,1,-1,1,0,-1,0,1,-1,0,-1,-1,0,1,1,-1,-1,1,-1,-1,1,1,1,1,1,0,-1,-1,-1,0,-1,1,0,0,1,-1,-1,0,-1,-1,1,0,1,1,1,-1,-1,-1,-1,0,1,1,1,0,-1,1,-1,-1,1,1,1,-1,-1,1,1,1,1,0,-1,1,1,1,1,1,1,-1,0,1
25,26.5,1,-1,-1,1,1,0,1,-1,1,0,0,1,1,0,-1,0,1,-1,-1,1,-1,1,0,1,0,0,0,1,-1,1,-1,0,0,1,1,-1,-1,1,-1,-1,1,0,1,1,0,0,0,0,0,0,-1,0,1,0,1,1,1,0,0,-1,0,1,0,1,1,-1,-1,0,1,0,1,-1,1,1,-1,1,-1,-1,0,0,0,-1,0,1,1,0,1,-1,0,1,1,1,1,1,1,0,0,1
25,28.5,1,-1,-1,1,1,0,0,-1,0,1,0,1,0,-1,-1,-1,-1,-1,-1,1,1,0,-1,0,0,0,0,1,-1,1,-1,0,0,1,1,-1,-1,1,0,-1,1,1,1,1,0,0,-1,0,0,0,-1,-1,1,0,1,0,0,1,0,-1,1,1,1,1,1,-1,1,1,1,0,1,1,1,0,-1,1,-1,-1,0,1,1,0,0,1,1,-1,1,-1,-1,1,0,-1,1,1,1,1,0,1
25,24.5,1,-1,-1,1,1,0,1,-1,1,0,1,1,1,0,-1,-1,0,-1,-1,1,1,1,-1,1,0,-1,1,1,0,0,-1,0,-1,1,-1,0,-1,1,1,1,1,0,1,1,1,1,-1,0,1,-1,-1,1,0,1,1,0,0,1,-1,-1,1,0,1,1,1,0,-1,1,-1,1,1,0,0,0,-1,1,-1,0,0,0,1,-1,0,1,1,-1,1,-1,-1,1,0,1,1,1,1,1,0,1
25,22.4,1,-1,-1,1,1,0,1,0,0,1,1,0,1,1,-1,-1,1,-1,-1,1,1,1,-1,1,1,0,1,1,-1,0,-1,-1,1,0,0,1,-1,1,-1,-1,1,1,1,1,1,-1,-1,-1,0,1,-1,0,0,0,1,1,0,0,-1,-1,1,0,0,1,1,-1,1,0,-1,1,1,0,1,1,-1,0,0,0,1,1,1,-1,1,0,1,0,1,-1,-1,1,1,0,1,1,1,-1,0,1
25,20,0,0,-1,1,1,1,1,-1,1,1,0,1,1,1,-1,0,0,-1,-1,1,0,1,-1,0,0,1,-1,1,1,0,-1,1,0,0,1,1,-1,1,-1,-1,1,0,1,1,0,-1,0,-1,0,0,-1,-1,0,0,1,0,0,1,0,-1,1,1,0,1,1,-1,-1,0,0,0,0,1,1,0,-1,1,-1,-1,1,1,0,-1,1,1,1,0,1,0,-1,1,0,0,1,0,1,0,-1,1
25,20.7,1,-1,-1,1,1,1,-1,-1,0,1,0,-1,1,0,-1,1,0,-1,0,0,1,1,-1,1,-1,1,-1,1,-1,0,-1,-1,1,1,0,0,-1,1,0,0,1,1,1,1,1,0,-1,0,-1,-1,-1,-1,1,1,0,-1,-1,1,-1,0,0,0,1,1,1,-1,-1,0,-1,0,0,0,1,1,-1,0,-1,-1,-1,-1,0,-1,0,0,1,0,1,-1,-1,1,1,1,1,1,1,-1,1,1
25,23.7,1,0,-1,0,1,0,0,-1,1,0,0,0,1,1,-1,0,1,-1,-1,1,0,1,-1,1,1,1,-1,1,1,0,-1,0,1,0,0,0,-1,1,-1,-1,1,1,1,1,-1,-1,-1,-1,0,-1,-1,0,1,1,1,1,1,0,-1,-1,1,0,1,1,1,-1,-1,0,1,-1,0,0,0,0,-1,1,-1,-1,0,-1,1,0,1,1,1,0,1,-1,-1,1,-1,1,1,0,1,1,0,1
25,28,1,1,-1,1,1,0,1,-1,1,1,0,0,1,1,-1,0,0,-1,-1,1,1,1,-1,1,1,1,-1,1,0,1,-1,1,-1,1,1,0,-1,1,-1,-1,1,1,1,1,1,0,0,-1,-1,-1,-1,-1,1,0,1,-1,-1,0,-1,-1,1,-1,1,1,1,-1,-1,1,-1,1,1,0,0,0,-1,1,-1,-1,1,-1,0,-1,1,1,1,0,0,-1,-1,1,1,0,1,1,1,0,0,1
25,25.6,0,-1,-1,1,1,1,0,-1,0,1,-1,1,1,1,-1,0,0,-1,1,0,1,1,-1,1,1,-1,0,1,-1,1,0,-1,0,0,1,-1,0,1,-1,-1,1,1,1,1,1,-1,0,0,0,0,-1,0,0,0,1,1,0,0,-1,-1,1,-1,0,1,1,-1,0,-1,-1,0,1,1,1,1,-1,1,-1,-1,1,1,1,-1,1,1,1,1,1,-1,-1,1,1,1,1,0,1,-1,0,0
25,22.9,1,-1,-1,1,1,0,1,-1,0,0,1,1,1,1,-1,-1,1,-1,-1,1,0,1,-1,1,0,1,0,1,0,1,-1,-1,0,1,1,1,-1,0,-1,-1,1,1,1,1,1,-1,0,-1,0,-1,-1,0,1,0,1,1,1,0,-1,-1,1,1,1,1,1,-1,-1,-1,0,1,1,0,0,1,-1,0,-1,0,-1,1,1,-1,-1,0,0,1,1,0,0,1,1,1,1,0,0,-1,0,0
25,24.4,1,-1,-1,1,1,1,1,-1,1,1,0,1,1,1,-1,-1,1,-1,-1,1,-1,1,-1,0,0,1,-1,1,-1,0,-1,0,-1,1,0,0,-1,1,-1,-1,1,0,1,1,0,0,-1,-1,0,-1,0,0,1,0,1,1,0,-1,-1,-1,1,0,1,1,1,-1,-1,0,-1,-1,0,0,-1,0,-1,-1,-1,-1,1,1,0,-1,-1,1,1,0,1,-1,0,1,0,1,1,0,0,-1,-1,1
26,23.9,1,1,-1,1,1,1,1,0,-1,0,-1,0,1,1,-1,0,1,-1,-1,1,0,1,-1,1,1,0,-1,1,-1,0,0,-1,0,1,0,-1,-1,1,-1,-1,1,1,1,1,1,0,1,-1,0,-1,-1,1,1,-1,1,0,0,1,-1,-1,0,0,1,1,1,-1,-1,0,0,-1,1,0,0,1,-1,0,-1,0,1,1,1,0,-1,1,1,0,0,-1,-1,1,0,1,1,1,0,0,0,1
26,25.2,0,0,-1,1,1,1,0,-1,1,1,0,0,1,0,-1,-1,1,-1,-1,1,1,1,0,1,0,1,-1,1,0,-1,-1,-1,0,1,1,0,-1,1,-1,-1,1,1,1,0,0,-1,-1,0,0,-1,-1,-1,1,0,0,0,0,1,-1,-1,-1,-1,1,1,1,-1,-1,0,0,0,1,0,1,1,-1,1,-1,-1,-1,0,1,-1,0,1,1,0,1,-1,-1,1,0,1,1,1,0,0,1,1
26,27.1,1,-1,-1,1,1,0,0,-1,1,1,0,1,1,0,0,-1,1,-1,-1,0,1,1,-1,1,1,0,-1,1,0,1,-1,0,1,1,0,0,-1,1,-1,-1,1,0,1,1,0,0,-1,0,1,-1,-1,1,1,1,1,-1,-1,1,-1,-1,0,1,1,1,1,-1,-1,0,-1,0,0,-1,0,1,-1,1,-1,-1,0,1,1,-1,0,1,1,1,1,-1,-1,1,0,1,1,1,1,0,1,1
26,25.5,1,-1,-1,1,1,1,0,-1,1,1,1,1,0,0,-1,0,0,-1,1,1,1,1,-1,0,0,1,-1,1,1,0,-1,0,1,1,1,0,-1,1,-1,-1,1,1,1,1,1,-1,0,0,-1,-1,-1,1,1,1,1,1,0,0,0,0,1,-1,1,1,1,-1,-1,0,0,1,1,-1,-1,1,-1,1,-1,0,1,0,1,0,0,0,1,0,1,-1,-1,1,1,-1,1,0,1,1,0,1
26,21.4,1,-1,-1,1,1,1,0,-1,1,1,-1,0,1,1,-1,-1,1,-1,0,1,1,1,-1,1,1,0,0,1,0,0,-1,0,0,1,1,0,0,1,-1,-1,1,-1,1,1,0,-1,-1,0,0,-1,-1,0,1,0,1,0,0,0,-1,0,1,0,1,1,1,-1,-1,-1,0,0,1,1,0,1,-1,1,-1,0,-1,1,0,0,0,1,1,-1,0,-1,-1,1,1,1,1,0,1,1,0,0
26,26.5,0,-1,-1,1,1,0,1,-1,1,1,0,0,1,1,-1,0,1,-1,-1,1,1,1,-1,1,0,0,-1,1,-1,0,-1,0,0,1,1,-1,-1,1,-1,-1,1,1,1,1,1,0,0,0,0,-1,-1,0,0,1,1,0,0,0,0,-1,1,1,1,1,1,-1,0,-1,0,1,1,0,0,1,-1,1,-1,0,1,1,0,-1,-1,-1,0,0,1,-1,-1,1,0,1,1,0,1,0,0,1
26,22.6,1,0,-1,1,1,1,-1,-1,1,0,0,0,1,-1,-1,-1,1,-1,-1,0,0,1,0,1,0,1,-1,1,0,1,-1,0,1,1,0,-1,-1,1,-1,-1,1,1,1,1,1,0,0,1,-1,-1,-1,1,1,-1,1,1,0,1,-1,-1,0,0,1,1,1,-1,0,0,0,0,1,0,0,1,-1,1,-1,-1,1,1,1,-1,-1,0,1,0,0,-1,0,1,0,1,1,1,1,0,0,1
26,20.5,0,-1,-1,1,1,1,0,-1,0,-1,1,1,0,1,0,0,0,-1,-1,1,1,1,-1,1,1,1,-1,1,1,-1,-1,-1,1,0,0,-1,-1,1,-1,-1,1,0,0,1,1,0,-1,-1,0,-1,-1,-1,1,0,0,0,-1,0,-1,-1,1,1,1,1,1,-1,0,0,-1,0,0,-1,1,0,1,0,-1,0,0,0,1,-1,1,1,1,1,1,-1,-1,1,1,1,1,0,1,0,-1,1
26,19.4,1,-1,-1,1,1,1,0,-1,1,1,0,1,0,1,0,0,1,-1,-1,1,0,0,-1,1,1,0,-1,1,1,0,-1,0,0,1,1,0,-1,1,-1,-1,1,-1,1,1,0,-1,1,-1,0,-1,-1,0,1,-1,1,1,1,0,0,0,1,0,1,1,1,-1,-1,0,0,1,0,0,0,1,-1,1,-1,-1,0,0,0,-1,-1,1,1,-1,0,0,0,1,1,1,1,1,0,-1,1,1
26,30.4,1,0,0,1,1,0,0,0,0,0,0,0,1,1,-1,0,1,-1,-1,1,1,1,-1,1,-1,1,-1,1,-1,0,-1,0,1,1,0,0,0,1,-1,-1,1,1,1,1,1,0,-1,-1,0,-1,-1,0,1,-1,1,0,0,1,-1,0,0,0,1,1,1,0,0,1,0,1,1,0,-1,0,-1,0,-1,-1,1,1,0,-1,1,1,0,0,1,-1,-1,1,1,0,1,0,0,1,0,1
26,24.3,1,0,-1,1,0,1,0,-1,1,0,0,0,1,1,-1,-1,0,-1,-1,1,1,1,-1,1,0,1,1,1,1,1,-1,-1,0,1,1,0,-1,1,-1,-1,1,1,1,1,1,-1,1,-1,-1,-1,-1,0,1,0,1,1,0,0,-1,-1,0,0,1,1,1,-1,-1,0,-1,0,1,1,1,1,-1,1,-1,-1,0,-1,1,-1,0,1,1,1,1,-1,-1,1,1,1,1,-1,1,0,-1,1
26,18,1,0,-1,1,1,0,0,-1,1,0,0,0,1,0,-1,0,1,-1,-1,1,0,1,0,1,1,1,-1,1,1,1,-1,0,1,1,1,0,-1,1,-1,-1,1,1,1,1,1,-1,0,-1,-1,-1,-1,0,1,0,0,1,-1,1,-1,0,1,0,1,1,1,-1,-1,-1,0,0,1,0,1,1,-1,1,-1,-1,0,1,0,-1,1,0,1,0,1,1,-1,1,1,1,1,0,1,0,1,-1
26,23.1,1,1,-1,1,1,1,1,-1,1,0,0,0,1,0,-1,-1,0,-1,-1,1,1,1,-1,0,0,1,-1,1,1,1,-1,0,1,0,0,0,-1,0,-1,-1,1,0,1,1,1,-1,1,-1,-1,-1,-1,1,1,1,1,1,0,-1,-1,-1,0,1,1,1,1,-1,-1,1,1,1,1,1,1,0,-1,0,-1,-1,1,1,0,-1,1,1,1,-1,0,-1,-1,1,1,0,1,1,1,0,1,1
26,16.9,0,-1,-1,1,1,1,1,-1,1,1,0,1,1,1,-1,-1,1,-1,-1,1,0,1,-1,0,-1,0,1,1,1,0,-1,-1,1,1,1,0,-1,1,-1,-1,1,1,1,1,1,0,-1,0,0,-1,-1,0,1,-1,0,1,0,1,-1,-1,0,-1,1,1,1,-1,-1,0,-1,0,0,1,0,0,-1,1,-1,-1,0,1,1,-1,-1,1,1,0,1,-1,0,1,0,1,1,1,0,-1,-1,1
26,28.7,1,0,-1,1,1,-1,0,-1,0,1,1,-1,1,0,-1,-1,0,-1,-1,1,1,1,-1,1,1,1,0,1,1,-1,-1,0,1,1,1,1,-1,1,-1,-1,1,0,1,1,1,0,0,0,-1,-1,-1,-1,0,0,0,1,1,0,0,-1,1,0,1,1,1,-1,-1,1,1,1,1,-1,-1,0,-1,1,-1,-1,1,0,1,0,1,1,1,-1,0,-1,-1,1,0,0,1,1,1,-1,1,1
26,19.3,1,-1,-1,1,1,1,0,-1,0,1,0,0,1,0,-1,0,0,-1,-1,1,-1,1,-1,1,1,0,0,1,1,-1,-1,0,1,1,0,1,-1,1,-1,-1,1,1,1,1,0,0,0,0,0,-1,-1,1,1,-1,1,1,1,0,0,-1,1,0,1,1,1,-1,-1,-1,0,1,1,0,-1,1,-1,1,-1,-1,0,0,1,-1,-1,1,1,-1,0,-1,-1,1,1,0,1,0,1,0,0,1
26,14.9,1,-1,-1,1,1,0,1,-1,0,1,0,0,1,0,-1,-1,0,-1,0,1,0,1,-1,1,0,0,-1,0,0,-1,-1,-1,1,1,1,1,-1,1,-1,-1,1,0,1,1,0,-1,1,1,0,-1,-1,-1,1,-1,1,0,0,0,-1,-1,1,1,1,1,1,-1,0,0,-1,-1,1,0,-1,1,-1,1,-1,0,0,1,1,-1,-1,1,1,0,0,-1,-1,1,1,0,1,0,1,0,-1,1
26,19.5,1,0,-1,1,1,1,1,-1,1,0,-1,0,1,1,0,-1,0,-1,0,1,1,1,-1,1,-1,0,1,1,0,1,-1,-1,1,1,1,0,-1,1,-1,-1,1,1,1,1,1,-1,0,-1,-1,-1,-1,-1,0,0,1,1,1,1,-1,-1,0,-1,1,1,1,-1,0,-1,-1,1,0,0,1,0,-1,1,-1,0,1,1,0,-1,0,1,1,1,1,-1,-1,1,1,1,1,1,1,-1,0,1
27,32.1,1,-1,-1,1,1,-1,0,-1,1,0,-1,1,1,1,-1,0,1,-1,0,1,1,0,-1,1,-1,1,-1,1,-1,1,-1,-1,1,0,1,-1,0,1,-1,-1,1,1,1,1,0,1,0,1,0,-1,-1,-1,1,-1,0,0,0,0,-1,0,0,0,1,1,1,-1,0,0,-1,0,1,-1,1,0,-1,1,-1,-1,1,1,0,0,1,1,1,1,1,-1,-1,1,0,1,1,1,1,-1,0,1
27,26.1,1,-1,-1,1,1,1,-1,-1,1,1,-1,0,0,1,0,0,1,-1,-1,0,0,1,-1,1,1,1,-1,1,0,0,-1,0,1,0,1,-1,-1,1,-1,-1,1,1,1,1,1,0,1,1,0,-1,-1,0,0,0,-1,-1,-1,1,-1,-1,0,0,1,1,1,-1,0,0,-1,0,1,0,0,1,-1,1,-1,-1,1,1,0,0,-1,1,1,1,1,-1,-1,1,1,1,1,1,1,1,0,0
27,27.7,1,-1,-1,1,1,1,0,0,0,1,1,1,1,1,-1,0,0,-1,-1,1,1,1,-1,1,0,0,0,1,-1,0,0,0,0,0,1,0,-1,1,-1,-1,1,1,1,1,1,-1,0,-1,-1,-1,-1,0,1,0,1,1,0,0,0,0,1,0,0,1,1,-1,-1,-1,1,0,1,0,1,1,0,1,-1,-1,0,1,1,-1,-1,0,1,-1,1,-1,-1,1,0,-1,0,1,0,1,1,0
27,29.5,1,0,-1,1,1,0,1,-1,1,1,-1,0,1,1,-1,-1,1,-1,-1,1,0,1,-1,0,0,0,1,1,1,1,-1,0,1,1,1,-1,-1,1,-1,-1,1,1,1,1,0,0,-1,-1,-1,-1,-1,1,1,0,1,0,-1,1,-1,-1,1,0,1,1,1,-1,-1,0,-1,0,1,0,-1,1,-1,0,-1,-1,0,0,1,-1,1,1,1,1,1,-1,-1,1,1,1,1,0,1,1,0,1
27,27,1,1,-1,1,0,1,0,-1,1,1,0,0,1,1,-1,-1,0,-1,-1,1,1,1,-1,1,0,1,-1,1,-1,0,-1,1,0,1,1,0,0,1,-1,-1,1,1,1,1,1,0,1,0,1,-1,-1,-1,1,0,1,1,1,0,0,0,1,0,1,1,1,-1,-1,-1,-1,0,1,0,1,0,-1,1,-1,0,1,1,0,0,1,1,1,1,1,0,0,0,1,1,1,-1,1,-1,1,1
27,27.1,1,0,-1,1,1,-1,-1,0,0,1,-1,1,1,0,-1,-1,1,-1,-1,1,0,1,-1,0,0,-1,-1,1,-1,1,-1,0,1,1,1,-1,-1,1,-1,-1,1,1,1,1,1,-1,0,-1,-1,0,-1,0,1,0,1,1,0,1,0,-1,1,0,1,1,1,-1,-1,0,-1,0,0,1,0,1,-1,1,-1,-1,0,0,0,-1,-1,1,1,0,1,-1,-1,1,1,0,1,1,0,0,1,1
27,24.9,1,-1,-1,1,1,1,0,-1,1,1,-1,-1,1,0,-1,0,0,-1,-1,1,0,1,-1,1,-1,1,1,1,1,-1,0,-1,1,1,0,-1,0,1,-1,-1,1,1,1,1,-1,0,-1,-1,-1,-1,-1,1,0,0,1,1,-1,0,-1,-1,0,0,1,1,1,-1,-1,-1,-1,0,0,1,1,0,-1,1,-1,0,-1,0,0,-1,0,1,1,1,0,-1,-1,1,0,1,1,0,1,1,-1,1
27,26.4,1,-1,-1,1,1,1,0,0,0,1,1,0,1,1,0,-1,-1,-1,-1,1,-1,1,-1,1,1,1,-1,1,1,1,-1,-1,0,1,0,-1,0,0,-1,-1,1,0,1,1,1,-1,-1,1,-1,-1,-1,1,1,-1,-1,1,0,0,-1,-1,1,1,1,1,1,-1,-1,0,-1,0,1,0,1,0,-1,0,-1,-1,1,1,1,-1,1,0,1,1,1,-1,-1,1,0,1,1,0,1,-1,1,1
27,28.6,0,-1,-1,1,0,0,1,-1,1,1,0,0,0,1,-1,-1,0,-1,-1,1,0,1,-1,1,0,0,1,1,0,0,-1,1,0,0,1,-1,0,1,-1,-1,1,1,1,1,0,-1,1,0,0,-1,-1,0,1,0,0,1,1,1,0,-1,1,1,1,1,1,-1,-1,1,-1,-1,1,-1,1,1,-1,1,-1,-1,0,-1,1,0,1,1,1,1,0,0,-1,1,1,0,1,0,1,0,0,1
27,22.8,0,0,-1,1,1,1,0,0,0,1,0,1,1,0,-1,0,0,-1,-1,1,0,0,-1,0,0,1,-1,1,-1,1,-1,0,0,0,1,0,0,1,-1,-1,1,1,1,1,1,0,0,-1,0,-1,-1,1,0,-1,0,0,0,-1,-1,-1,1,-1,0,1,1,-1,0,1,-1,0,1,0,0,1,-1,0,-1,-1,1,1,0,0,0,1,1,1,0,0,-1,1,1,0,1,1,1,-1,0,0
27,16.8,1,-1,-1,1,1,0,1,0,0,0,0,0,1,1,-1,1,0,-1,-1,1,1,1,-1,1,0,0,-1,1,0,1,-1,0,0,1,0,-1,0,1,-1,-1,1,1,1,1,0,-1,-1,-1,-1,-1,-1,1,1,1,1,0,0,-1,0,-1,0,0,1,1,1,-1,-1,-1,-1,0,1,0,0,0,-1,1,0,-1,1,0,1,-1,-1,1,1,0,1,-1,-1,1,1,0,1,1,0,-1,0,1
27,20.4,0,-1,-1,1,1,1,0,-1,1,1,-1,0,1,1,-1,0,0,-1,-1,1,1,1,-1,1,1,0,-1,1,0,1,-1,-1,1,0,0,0,0,1,-1,-1,1,0,1,1,0,-1,-1,0,0,-1,-1,0,1,-1,0,1,1,0,-1,-1,1,0,1,1,1,-1,-1,1,-1,-1,1,0,1,1,-1,1,-1,0,1,0,1,-1,-1,0,1,0,1,-1,0,1,1,0,1,1,1,-1,1,1
27,18.3,1,1,-1,1,1,1,-1,0,0,1,1,0,1,-1,-1,1,1,-1,-1,1,1,0,-1,1,1,1,0,1,1,1,-1,0,1,1,0,0,-1,1,-1,-1,1,1,1,1,1,-1,1,-1,0,0,-1,0,0,0,1,-1,-1,1,-1,-1,0,0,1,1,1,-1,0,0,-1,0,1,1,0,0,-1,0,-1,-1,1,0,1,-1,1,1,1,1,1,-1,-1,1,0,1,1,0,1,-1,1,1
28,23.1,1,0,-1,1,1,0,0,-1,1,0,1,1,0,1,-1,0,0,-1,-1,1,-1,1,1,1,-1,0,0,1,1,0,-1,-1,0,1,1,0,-1,1,-1,-1,1,0,1,1,1,0,1,0,0,-1,-1,-1,1,0,1,1,1,1,-1,-1,1,0,1,1,1,-1,-1,0,-1,-1,1,-1,0,1,-1,-1,-1,-1,0,-1,0,0,0,1,1,0,1,-1,-1,1,1,1,1,1,1,0,0,1
28,30,0,-1,-1,1,1,0,0,-1,1,0,0,0,1,0,-1,0,1,-1,-1,1,1,1,-1,1,-1,0,0,1,0,0,-1,0,1,1,0,1,-1,0,-1,-1,1,1,1,1,0,-1,0,-1,0,-1,-1,0,0,0,0,0,1,1,-1,-1,1,1,0,1,1,-1,0,0,-1,0,1,1,0,1,0,1,-1,-1,1,1,1,-1,-1,1,1,0,0,-1,-1,1,1,1,1,1,0,-1,0,1
28,24.3,1,-1,-1,1,1,-1,1,-1,1,1,0,-1,1,1,-1,1,1,-1,-1,1,0,1,-1,1,0,0,0,1,1,-1,-1,0,1,1,0,-1,-1,1,-1,-1,1,1,1,1,1,-1,-1,1,-1,0,-1,1,-1,-1,0,1,0,0,0,-1,1,-1,1,1,1,-1,0,0,1,0,1,0,1,1,-1,1,-1,0,1,1,1,-1,0,0,1,-1,1,-1,-1,1,0,1,1,-1,0,1,-1,1
28,26.3,1,0,-1,1,1,1,-1,-1,1,-1,0,1,1,1,-1,-1,0,-1,-1,1,0,1,-1,1,1,1,1,1,0,0,-1,-1,-1,1,1,0,-1,1,-1,-1,1,1,1,1,0,-1,-1,0,0,0,-1,0,-1,-1,1,0,0,0,-1,0,-1,0,1,1,1,-1,-1,0,0,0,0,0,0,1,-1,1,-1,-1,0,0,1,-1,0,1,1,0,0,0,-1,1,1,0,1,0,0,1,1,1
28,26.6,1,-1,-1,1,1,1,0,-1,1,1,1,0,1,0,-1,-1,1,-1,-1,1,1,1,-1,1,0,1,-1,1,1,0,-1,0,0,1,0,-1,-1,1,-1,-1,1,1,1,1,0,-1,-1,1,-1,-1,-1,0,1,0,0,0,0,1,0,-1,1,-1,1,1,1,-1,0,0,-1,0,1,1,1,0,-1,-1,-1,-1,0,1,1,1,0,0,1,0,1,-1,-1,1,-1,1,1,0,0,-1,1,0
28,26,1,0,-1,1,1,0,-1,-1,1,0,0,1,1,1,-1,1,1,-1,-1,1,1,1,-1,1,0,1,0,1,-1,1,0,-1,1,1,0,1,-1,1,-1,-1,1,1,1,1,0,0,1,-1,0,0,-1,1,1,1,1,0,0,-1,-1,-1,1,1,1,1,1,-1,-1,1,1,1,1,0,1,0,-1,1,-1,-1,1,1,1,-1,0,1,1,1,1,-1,-1,1,1,1,1,0,1,1,0,-1
28,28,1,-1,-1,1,1,0,-1,-1,0,1,0,0,1,1,0,1,0,-1,-1,1,1,1,-1,1,1,1,-1,1,0,0,-1,1,0,1,0,-1,-1,0,-1,-1,1,1,1,1,-1,-1,-1,-1,-1,-1,-1,0,0,1,1,0,0,1,-1,-1,1,-1,0,1,0,-1,0,1,0,-1,0,1,0,1,0,1,-1,0,1,0,0,-1,0,1,1,0,0,0,-1,1,0,1,1,-1,1,0,0,1
28,25.4,0,0,-1,1,1,1,0,-1,1,0,0,1,1,1,0,0,-1,-1,-1,1,0,1,-1,1,0,0,-1,1,0,0,-1,-1,1,1,0,-1,0,1,-1,-1,1,0,1,1,1,0,-1,0,0,-1,-1,1,0,0,1,1,1,0,-1,-1,1,0,1,1,1,-1,1,-1,-1,1,-1,-1,-1,0,0,1,-1,-1,1,-1,1,0,0,1,1,1,1,-1,-1,1,1,0,1,0,1,0,1,1
28,16.9,1,-1,-1,1,1,1,1,-1,1,1,-1,0,1,1,0,-1,-1,-1,-1,1,1,1,-1,1,1,0,-1,1,1,1,-1,0,0,1,1,0,0,1,-1,-1,1,1,1,1,1,0,-1,1,1,-1,-1,1,1,-1,0,1,1,0,0,-1,1,1,1,1,1,-1,-1,0,1,0,0,1,0,1,0,1,-1,-1,1,0,1,-1,0,1,1,-1,1,-1,-1,1,1,1,1,1,1,1,0,1
28,28.8,1,-1,-1,1,1,1,0,-1,-1,1,0,1,1,1,-1,0,0,-1,-1,0,0,1,-1,1,0,-1,-1,1,0,1,-1,-1,-1,1,1,-1,-1,1,-1,-1,1,1,1,1,1,1,0,0,-1,-1,-1,1,0,1,1,1,1,1,-1,-1,0,0,1,1,1,-1,-1,0,-1,-1,1,0,-1,0,-1,1,-1,-1,1,0,0,-1,-1,1,1,0,1,-1,-1,1,1,1,1,1,1,-1,1,0
28,27.6,1,-1,-1,1,1,1,-1,-1,1,0,-1,1,0,0,-1,-1,0,-1,1,1,0,1,-1,1,1,-1,-1,1,-1,0,0,0,0,0,1,0,-1,1,-1,-1,1,1,1,1,0,-1,-1,1,0,-1,-1,1,1,1,0,0,0,1,1,-1,1,1,0,1,1,-1,-1,-1,-1,1,0,1,1,1,-1,1,-1,0,0,1,0,-1,-1,1,1,0,1,-1,-1,1,1,1,1,1,1,0,1,1
28,16.7,1,-1,-1,1,1,1,0,-1,-1,1,-1,1,1,0,-1,-1,0,-1,-1,1,0,1,-1,1,-1,1,-1,1,0,0,-1,-1,0,1,0,1,0,1,0,0,1,1,1,1,1,0,0,0,0,-1,-1,1,1,-1,1,0,0,0,-1,-1,1,0,1,1,1,-1,-1,0,-1,0,1,0,0,0,-1,1,-1,0,-1,0,0,0,0,1,1,1,0,0,-1,1,0,1,1,-1,0,1,1,1
28,19.8,1,-1,-1,1,1,0,0,-1,1,1,0,1,1,0,-1,-1,0,-1,0,1,1,1,-1,1,1,1,0,1,0,1,0,0,-1,1,1,-1,-1,1,-1,-1,1,1,1,1,1,0,0,0,1,-1,-1,0,1,0,1,0,0,1,-1,0,1,1,1,1,1,-1,-1,0,1,1,0,-1,1,1,-1,1,-1,-1,1,-1,1,-1,0,0,1,0,0,-1,-1,1,1,1,1,1,1,0,0,1
28,27.2,1,0,-1,1,1,0,0,-1,0,1,-1,1,1,1,-1,-1,0,-1,-1,1,1,1,-1,1,1,-1,1,1,0,0,-1,0,0,1,0,-1,0,1,-1,-1,1,1,1,1,0,-1,1,0,-1,-1,-1,0,1,-1,1,1,0,0,-1,-1,1,0,1,1,1,-1,0,-1,-1,0,0,-1,0,0,-1,1,-1,-1,1,1,1,-1,0,1,1,0,0,-1,0,1,0,1,1,0,1,-1,0,1
29,26.9,1,0,-1,1,1,-1,0,-1,1,1,0,0,1,1,-1,-1,1,-1,-1,1,0,1,-1,1,1,-1,0,1,0,0,-1,-1,1,0,1,0,-1,1,-1,-1,1,0,1,1,1,0,0,0,0,-1,-1,0,1,0,1,0,0,0,-1,-1,1,0,1,1,1,-1,-1,0,0,-1,1,0,1,0,-1,1,-1,-1,0,0,1,0,0,1,1,0,1,-1,0,1,0,0,1,0,1,1,1,0
29,25.2,1,-1,-1,1,1,-1,0,-1,1,1,1,1,0,1,-1,-1,0,-1,-1,1,1,1,-1,1,0,1,0,1,1,1,-1,0,0,1,1,-1,-1,0,-1,-1,1,0,1,1,1,-1,1,0,0,-1,-1,1,1,0,-1,0,-1,0,-1,-1,1,0,0,1,1,-1,-1,1,-1,1,1,1,1,1,0,0,-1,-1,0,0,1,-1,1,1,1,1,1,-1,-1,1,1,1,1,0,1,-1,-1,1
29,20.8,1,-1,-1,1,1,0,-1,-1,0,1,1,1,1,0,0,-1,1,-1,-1,1,0,1,-1,1,1,1,0,1,0,0,0,-1,1,1,0,-1,-1,1,-1,-1,1,1,1,1,1,1,0,-1,-1,-1,-1,0,0,1,1,1,1,0,-1,0,1,0,1,1,1,-1,0,1,0,0,1,1,1,1,-1,0,-1,-1,-1,1,1,-1,0,1,1,0,1,-1,0,1,1,1,1,1,1,0,1,1
29,24.6,1,-1,-1,1,1,1,1,-1,1,1,0,1,1,0,-1,0,1,-1,-1,0,0,1,-1,1,1,1,0,1,-1,1,-1,0,0,0,1,-1,-1,1,0,0,1,1,1,1,0,-1,-1,-1,0,0,-1,0,1,0,1,1,1,0,-1,-1,1,-1,1,1,1,-1,-1,0,-1,1,1,1,0,1,-1,0,-1,0,1,0,1,-1,0,0,1,0,0,0,-1,1,0,1,1,0,0,0,1,1
29,18.4,1,-1,-1,0,1,-1,0,-1,0,0,1,1,1,0,0,0,0,-1,-1,1,1,1,-1,1,1,0,-1,1,0,1,-1,-1,0,1,-1,-1,-1,1,-1,-1,1,1,1,1,1,0,1,-1,-1,-1,-1,0,1,-1,1,0,-1,0,-1,-1,1,0,1,1,1,-1,0,1,0,1,0,0,1,1,-1,1,-1,-1,-1,1,1,-1,0,0,1,0,1,0,-1,1,1,1,1,1,1,1,0,1
29,18.7,1,-1,-1,1,1,0,1,0,0,-1,1,1,1,1,-1,-1,1,-1,-1,1,1,1,-1,1,1,1,-1,1,1,0,-1,-1,1,1,1,0,-1,1,-1,-1,1,1,1,1,0,-1,0,0,0,-1,-1,0,1,-1,1,0,1,1,-1,-1,1,1,1,1,1,-1,0,0,0,-1,1,0,1,1,0,1,-1,-1,1,0,0,-1,0,1,1,0,1,0,-1,1,1,-1,1,1,1,0,0,0
29,22.2,0,-1,-1,0,1,1,1,-1,1,1,0,1,1,0,-1,-1,1,-1,-1,1,1,1,-1,1,1,0,-1,1,0,0,-1,0,1,0,0,-1,0,1,0,0,1,1,1,1,0,-1,1,1,-1,-1,-1,0,1,-1,0,1,0,0,-1,-1,1,0,1,1,1,-1,-1,-1,0,0,1,1,1,0,-1,0,-1,-1,0,1,1,-1,1,0,1,0,1,-1,-1,1,1,0,1,1,1,1,-1,0
29,27.9,0,-1,-1,0,1,1,1,-1,0,0,0,1,1,1,-1,0,1,-1,-1,1,1,1,-1,1,1,0,1,1,0,-1,-1,0,-1,1,0,-1,-1,1,-1,-1,1,1,1,1,0,0,0,-1,0,0,-1,0,1,1,0,1,0,0,0,-1,1,0,1,1,1,-1,-1,0,0,0,1,1,-1,0,-1,1,-1,0,-1,0,0,0,-1,0,1,0,0,-1,-1,1,0,1,1,0,1,0,-1,0
29,19.6,1,-1,-1,1,1,0,0,-1,1,0,1,0,1,0,0,1,0,-1,-1,1,1,1,-1,1,1,0,1,1,1,0,-1,0,1,0,-1,1,0,1,-1,-1,1,1,1,1,1,-1,-1,0,0,1,-1,0,1,1,1,1,0,0,-1,-1,1,0,1,1,1,-1,-1,1,-1,1,1,0,-1,1,0,1,-1,-1,1,0,1,-1,0,1,1,0,1,-1,-1,1,1,1,1,-1,1,-1,1,1
29,15.7,1,-1,-1,1,1,1,1,-1,0,1,0,0,1,1,0,0,0,-1,-1,1,0,1,-1,1,0,1,0,1,0,1,-1,0,1,1,-1,-1,1,1,-1,-1,1,0,1,1,1,0,-1,0,1,0,-1,-1,1,0,1,1,0,1,0,-1,1,0,1,1,1,-1,0,0,0,0,1,1,0,1,-1,1,-1,-1,1,1,1,0,1,1,1,0,1,-1,-1,1,0,1,1,1,0,0,0,1
29,23.7,1,-1,-1,0,1,0,0,-1,0,0,0,0,1,1,0,-1,1,-1,-1,1,1,1,0,1,0,0,0,1,1,1,0,1,1,1,1,-1,-1,1,-1,-1,1,1,1,1,1,0,1,-1,-1,-1,-1,0,1,-1,1,0,0,0,0,0,0,-1,1,1,1,-1,1,-1,0,0,-1,1,-1,0,-1,1,-1,0,0,0,1,-1,1,1,1,0,0,0,0,1,1,1,1,0,1,0,0,1
31,20.4,1,-1,-1,1,1,-1,0,-1,1,1,0,1,1,-1,-1,0,0,-1,-1,1,1,1,-1,1,1,0,-1,1,-1,0,0,0,1,1,1,-1,-1,1,0,-1,1,0,1,1,1,-1,-1,-1,0,-1,-1,0,0,1,1,-1,-1,1,0,-1,1,0,1,1,1,-1,-1,1,1,1,0,0,0,1,-1,1,-1,0,0,1,0,-1,0,1,1,-1,1,-1,-1,1,1,1,1,0,1,0,1,1
31,19.6,1,-1,-1,1,1,0,0,-1,1,0,1,0,0,1,1,0,1,-1,-1,1,0,0,-1,1,-1,-1,-1,1,0,0,-1,0,-1,0,1,0,-1,1,-1,-1,1,0,1,1,1,-1,1,1,1,-1,-1,1,0,0,0,1,1,1,0,-1,0,-1,1,1,1,-1,-1,0,1,1,1,1,1,1,-1,0,0,-1,0,1,1,-1,0,1,1,0,0,-1,0,1,1,1,1,1,1,0,1,0
31,26.3,1,0,-1,1,1,1,1,-1,1,1,1,1,1,0,-1,-1,0,-1,-1,1,1,1,-1,1,1,1,0,1,0,-1,-1,-1,1,1,1,0,-1,1,-1,-1,1,-1,1,1,0,0,1,0,0,-1,-1,1,1,0,1,1,0,0,-1,-1,1,0,1,1,1,-1,1,0,-1,0,1,0,0,0,-1,1,-1,0,1,-1,0,-1,0,1,1,1,1,-1,-1,1,1,1,1,0,1,0,1,-1
31,18.6,0,-1,-1,1,1,1,0,0,0,1,-1,1,0,1,0,-1,-1,-1,0,1,-1,1,-1,1,0,-1,0,1,0,1,-1,0,0,1,0,0,0,1,-1,-1,1,1,1,1,1,0,1,1,0,0,-1,1,1,1,1,0,0,0,0,0,1,0,1,1,1,-1,-1,1,-1,1,0,-1,0,0,-1,1,-1,-1,-1,1,1,-1,0,0,1,1,0,-1,0,1,1,1,1,0,1,-1,0,1
31,19.4,0,-1,-1,1,1,-1,-1,-1,1,0,0,0,1,1,-1,-1,0,-1,-1,1,1,1,-1,1,1,1,-1,1,1,-1,-1,-1,-1,1,1,-1,0,1,-1,-1,1,0,1,1,1,0,0,-1,0,0,-1,-1,1,0,1,0,0,0,-1,-1,1,0,0,1,1,-1,-1,0,0,1,1,0,1,1,-1,1,0,0,1,1,0,-1,-1,0,1,0,0,0,0,1,1,1,1,0,1,1,-1,1
31,20.7,1,-1,-1,1,1,1,1,-1,1,0,0,1,1,0,-1,-1,1,-1,0,1,1,1,-1,1,0,0,-1,1,0,1,-1,0,0,1,1,0,-1,1,0,0,1,1,1,0,0,0,0,-1,-1,-1,-1,1,1,-1,1,0,0,0,0,-1,1,0,1,1,1,-1,-1,1,1,1,1,0,0,-1,-1,1,-1,-1,1,1,1,-1,1,1,1,-1,0,-1,-1,1,0,0,1,0,1,1,0,1
31,28,1,-1,-1,1,1,0,0,-1,1,1,-1,0,1,1,-1,-1,-1,-1,-1,1,1,1,-1,1,0,1,-1,1,0,-1,0,0,1,1,1,0,-1,1,-1,-1,1,1,1,1,0,0,1,-1,0,-1,-1,-1,0,0,1,-1,-1,0,0,-1,1,0,1,1,1,-1,-1,1,-1,1,0,0,0,1,0,0,-1,-1,1,1,1,-1,0,1,1,1,1,-1,-1,1,1,0,1,1,1,0,0,1
31,22.2,1,-1,-1,0,1,1,0,-1,1,1,-1,0,1,1,-1,1,0,-1,-1,1,0,1,-1,1,1,0,0,1,0,0,-1,-1,1,1,1,1,-1,1,-1,-1,1,1,1,1,0,-1,0,0,0,-1,-1,0,0,1,1,1,1,0,-1,0,1,0,1,1,1,-1,0,0,0,0,-1,1,1,1,-1,1,-1,-1,0,1,1,-1,-1,0,1,0,1,-1,-1,1,1,-1,1,1,1,-1,1,1
31,26.4,1,-1,-1,1,1,0,0,-1,0,0,0,-1,1,1,-1,-1,1,-1,-1,1,0,1,-1,1,1,0,1,1,1,1,-1,1,0,0,1,0,-1,1,-1,-1,1,1,1,1,0,-1,1,1,0,0,-1,0,1,0,0,0,1,0,-1,-1,1,0,1,1,1,-1,-1,0,0,-1,0,-1,0,1,-1,0,-1,-1,1,1,1,-1,1,1,1,1,0,-1,-1,1,0,1,1,0,1,-1,1,0
31,26,1,-1,-1,1,1,-1,1,-1,1,-1,1,0,1,0,-1,-1,-1,-1,-1,1,1,1,-1,1,0,-1,-1,1,-1,1,-1,-1,0,1,1,-1,-1,1,-1,-1,1,1,1,1,0,-1,-1,0,0,0,-1,0,1,1,1,1,0,0,-1,-1,1,0,1,1,1,-1,-1,1,-1,-1,1,0,0,1,-1,1,-1,0,1,0,0,0,0,1,1,1,1,-1,1,1,1,1,1,0,1,-1,0,0
31,27,1,-1,-1,1,1,1,0,-1,1,1,-1,0,0,0,-1,-1,1,-1,-1,1,1,1,-1,1,0,-1,0,1,1,-1,-1,1,0,1,0,-1,-1,1,-1,-1,1,1,1,1,1,0,1,-1,0,-1,-1,-1,0,0,1,1,1,0,-1,-1,1,0,1,1,1,-1,0,0,0,0,1,1,-1,0,0,1,-1,-1,0,0,0,-1,0,1,1,0,1,0,-1,1,1,1,1,-1,1,-1,1,1
32,24.4,1,0,-1,1,1,-1,0,-1,1,1,-1,0,1,1,-1,-1,0,-1,0,1,1,1,1,1,0,1,-1,1,0,0,-1,0,0,1,0,-1,0,1,-1,-1,1,1,1,1,0,-1,0,-1,0,-1,-1,0,1,0,1,0,-1,1,-1,-1,1,-1,1,1,1,-1,-1,-1,1,0,1,-1,-1,0,-1,1,-1,-1,1,1,0,-1,-1,1,1,-1,0,0,-1,1,1,1,1,0,1,0,0,1
32,30.2,0,-1,-1,0,1,1,1,-1,1,1,-1,1,1,1,0,0,1,-1,-1,0,-1,1,-1,1,0,0,-1,1,1,1,-1,-1,0,0,1,0,-1,1,0,-1,1,1,1,0,-1,-1,0,-1,0,0,-1,0,1,-1,1,1,1,0,-1,-1,0,0,1,1,1,-1,-1,-1,-1,1,1,0,1,1,-1,1,-1,0,0,-1,0,1,0,1,1,1,1,-1,-1,0,1,1,1,0,1,-1,-1,1
32,25.1,1,-1,-1,0,1,1,-1,0,-1,1,-1,1,0,0,0,-1,0,-1,-1,1,-1,1,-1,1,0,1,-1,1,0,1,-1,-1,0,0,0,-1,-1,1,0,0,1,1,1,1,1,-1,0,1,-1,1,-1,0,1,1,1,1,-1,0,-1,-1,1,0,1,1,1,-1,-1,0,-1,0,1,0,1,1,-1,1,-1,-1,0,0,1,-1,-1,0,1,1,1,-1,-1,1,0,1,1,1,1,-1,0,1
32,24.3,1,-1,-1,1,1,1,0,-1,1,0,1,1,1,1,0,-1,1,-1,-1,1,1,1,-1,0,0,-1,0,1,-1,0,-1,1,0,1,1,0,0,1,-1,-1,1,1,1,1,0,1,0,-1,-1,-1,-1,0,1,0,1,0,0,0,0,0,1,0,0,1,1,-1,-1,0,0,1,1,1,1,1,-1,1,-1,0,0,0,1,-1,1,1,1,1,0,-1,-1,1,0,1,1,0,1,0,-1,0
32,25.6,1,-1,-1,1,1,1,0,-1,1,1,0,0,1,1,0,-1,1,-1,-1,1,1,0,-1,1,1,1,0,1,0,1,-1,1,1,0,1,-1,-1,1,-1,-1,1,1,1,1,1,-1,0,-1,0,-1,0,0,1,0,1,0,0,0,1,-1,0,1,1,1,1,-1,0,1,0,1,1,1,0,1,-1,1,-1,-1,1,1,1,0,0,1,1,-1,1,-1,-1,1,0,0,1,1,1,0,0,0
32,17.9,1,-1,-1,1,1,0,1,-1,1,1,0,1,1,-1,0,1,1,-1,-1,1,0,0,-1,1,1,1,1,0,1,0,-1,-1,1,-1,1,-1,0,1,-1,-1,1,0,1,1,0,-1,0,1,-1,-1,-1,-1,1,1,1,1,-1,0,-1,-1,1,1,1,1,1,-1,-1,0,1,0,0,0,-1,1,-1,0,-1,-1,1,0,1,-1,0,1,1,-1,1,-1,-1,1,1,1,1,1,1,0,-1,1
32,21,1,0,-1,1,1,0,1,-1,-1,1,-1,0,1,0,-1,-1,0,-1,0,1,1,0,0,1,0,1,0,1,1,0,1,0,0,-1,0,1,-1,1,-1,-1,1,0,1,1,1,-1,0,-1,0,-1,-1,1,1,0,0,1,1,1,0,-1,0,1,1,1,1,-1,-1,1,-1,0,0,0,1,1,-1,1,-1,-1,-1,1,1,-1,0,0,1,1,1,0,-1,1,1,0,1,1,1,0,0,1
32,19.5,1,-1,-1,1,0,1,0,-1,0,0,0,0,1,1,-1,-1,1,-1,-1,1,0,1,-1,1,1,1,0,1,0,1,-1,0,-1,1,1,1,-1,1,-1,-1,1,0,1,1,1,-1,1,1,0,-1,-1,0,1,1,0,1,0,0,0,0,1,0,0,1,1,-1,-1,1,-1,0,1,0,1,0,-1,0,-1,-1,1,1,0,0,0,1,1,0,0,-1,-1,1,1,1,1,-1,1,-1,0,1
32,24.8,0,-1,-1,1,1,0,0,-1,1,1,-1,0,1,1,0,1,0,-1,-1,1,0,1,-1,1,1,1,0,1,1,1,-1,-1,0,1,0,-1,-1,1,-1,-1,1,1,1,1,1,0,1,-1,0,0,-1,0,1,-1,1,1,1,1,-1,0,1,0,1,1,1,-1,-1,-1,0,1,0,0,1,1,-1,1,-1,0,1,0,1,0,0,1,1,0,1,-1,-1,0,1,1,1,0,1,0,0,1
32,28.6,1,-1,-1,1,1,1,-1,0,0,1,0,1,1,0,1,-1,-1,-1,-1,1,1,0,-1,1,0,-1,1,1,0,1,-1,0,-1,0,0,0,-1,1,-1,-1,1,1,1,1,1,-1,0,0,0,-1,-1,0,0,0,1,1,1,0,0,-1,-1,0,1,1,1,-1,-1,-1,1,0,1,1,1,0,-1,1,0,0,0,1,1,0,-1,-1,1,-1,0,-1,-1,1,0,1,1,1,1,-1,1,0
33,25.5,1,-1,-1,0,1,-1,1,-1,1,-1,1,1,1,0,-1,-1,0,-1,-1,1,1,1,-1,1,0,1,-1,1,-1,-1,-1,0,0,1,0,-1,0,1,-1,-1,1,0,1,1,1,-1,0,-1,-1,-1,-1,0,-1,1,0,1,1,1,-1,-1,-1,0,0,1,1,-1,0,1,-1,0,1,0,0,1,-1,0,-1,0,1,0,1,0,0,1,1,1,0,-1,-1,1,1,0,1,1,1,0,0,1
33,30.4,1,-1,-1,0,1,1,-1,-1,1,0,0,0,0,1,-1,-1,1,-1,-1,1,1,0,-1,1,0,0,0,0,0,1,0,1,0,1,0,-1,-1,1,-1,-1,1,1,1,1,1,-1,1,1,0,0,-1,0,1,-1,1,1,1,0,-1,-1,1,0,1,1,0,-1,1,0,-1,-1,1,1,0,0,-1,1,-1,-1,0,1,1,-1,0,1,1,-1,1,-1,0,1,1,1,1,0,1,0,0,1
34,26.7,1,-1,-1,1,1,0,-1,-1,1,0,1,0,1,0,0,-1,-1,-1,-1,1,-1,1,-1,1,0,1,-1,1,0,1,-1,1,1,0,0,-1,-1,1,-1,-1,1,0,1,1,1,-1,0,0,-1,-1,-1,-1,0,0,1,0,0,-1,1,-1,1,-1,1,1,1,-1,-1,0,0,0,1,0,1,1,-1,1,-1,-1,0,1,1,-1,-1,1,1,-1,1,-1,-1,1,1,1,1,0,0,-1,-1,1
34,18.8,1,0,-1,1,1,0,0,-1,0,1,-1,0,1,-1,-1,0,0,-1,-1,1,0,1,-1,1,0,0,-1,1,0,1,-1,0,0,1,1,-1,-1,1,0,-1,1,1,1,1,0,-1,0,0,0,-1,-1,0,1,1,1,1,1,-1,-1,-1,-1,0,1,1,1,-1,0,-1,1,0,0,-1,1,0,-1,0,-1,-1,1,1,1,1,0,1,1,0,1,0,-1,1,1,0,1,-1,0,0,-1,1
34,24.4,1,0,-1,1,1,1,-1,0,0,-1,1,1,1,1,-1,-1,-1,-1,-1,1,1,0,-1,1,0,0,0,1,1,0,-1,0,-1,0,0,-1,0,1,-1,-1,1,1,1,1,0,0,0,0,-1,-1,-1,0,1,-1,0,1,1,1,-1,-1,1,-1,1,1,1,-1,-1,-1,-1,1,1,0,-1,0,-1,1,-1,0,1,1,1,-1,0,1,1,0,1,0,-1,1,1,1,1,0,1,0,1,0
34,27.3,1,-1,-1,1,1,1,-1,-1,1,1,0,0,1,1,0,0,-1,-1,0,1,1,1,-1,1,-1,-1,-1,1,-1,0,-1,-1,1,1,1,-1,-1,1,-1,-1,1,1,1,-1,1,0,0,-1,-1,-1,-1,0,1,-1,0,0,0,0,-1,-1,1,-1,1,1,1,-1,-1,0,-1,0,0,1,-1,1,-1,1,-1,-1,1,0,1,-1,-1,1,1,0,1,-1,-1,1,1,1,1,0,1,-1,0,0
34,23.4,1,0,-1,1,1,1,0,-1,0,1,0,0,1,1,-1,-1,0,-1,-1,1,1,1,-1,1,1,1,0,1,-1,1,0,0,1,1,0,-1,0,1,-1,-1,1,1,1,1,0,-1,0,1,0,-1,-1,-1,1,1,1,1,0,0,0,-1,0,-1,1,1,1,-1,0,0,-1,0,1,1,-1,0,-1,1,-1,0,0,1,0,-1,-1,1,1,1,1,0,-1,1,1,1,1,0,0,-1,0,1
34,26.4,1,-1,-1,1,1,0,0,-1,1,1,-1,1,1,1,-1,1,0,-1,-1,0,1,1,-1,1,1,-1,0,0,0,1,-1,0,1,1,1,0,-1,1,-1,-1,1,0,1,1,1,0,-1,0,0,-1,-1,1,0,1,1,0,0,0,-1,-1,-1,0,1,1,1,-1,0,-1,-1,0,1,0,0,0,-1,0,-1,0,0,1,0,-1,0,1,1,-1,0,-1,-1,1,1,1,1,0,1,0,0,-1
35,26.7,0,-1,-1,1,1,-1,1,-1,1,0,1,-1,1,1,-1,0,1,-1,-1,1,0,1,-1,1,-1,1,-1,1,0,1,0,0,0,1,1,0,-1,1,0,0,0,1,1,1,0,-1,-1,1,0,-1,-1,0,1,1,1,0,0,0,-1,-1,1,1,1,1,1,-1,0,1,0,-1,0,0,1,1,-1,1,-1,-1,0,0,1,-1,-1,1,1,0,1,-1,-1,1,0,0,1,-1,1,1,0,1
35,27,1,-1,-1,1,1,1,0,0,-1,1,-1,0,0,0,0,1,0,-1,-1,1,1,1,-1,1,0,1,-1,1,-1,1,-1,-1,0,1,1,0,0,1,-1,-1,1,0,1,1,-1,0,0,-1,-1,0,-1,0,1,1,1,1,0,0,-1,-1,0,0,0,1,1,-1,-1,1,0,-1,1,1,0,0,-1,1,-1,0,1,1,1,0,0,1,1,-1,1,0,0,1,1,0,1,-1,1,1,1,1
36,20.1,1,0,-1,1,1,0,1,0,0,1,0,1,1,1,-1,-1,1,-1,-1,1,-1,1,-1,1,1,0,0,1,0,1,-1,-1,1,1,1,0,-1,1,-1,-1,1,1,1,1,1,-1,-1,1,-1,-1,-1,0,1,1,1,1,1,-1,-1,-1,1,-1,1,1,1,-1,-1,1,0,0,1,1,0,0,-1,1,-1,0,-1,0,0,-1,0,1,1,-1,0,-1,-1,1,0,1,1,1,1,0,0,1
38,24.8,0,-1,-1,1,1,1,0,0,0,1,-1,-1,1,1,-1,0,0,-1,-1,1,0,1,-1,1,0,1,0,1,-1,1,-1,1,1,1,1,-1,-1,1,-1,-1,1,1,1,1,0,-1,-1,-1,0,-1,-1,-1,1,0,1,0,-1,1,0,-1,1,0,1,1,1,-1,0,0,-1,0,1,1,0,0,-1,1,-1,-1,-1,-1,1,-1,-1,1,1,1,1,-1,-1,1,-1,1,1,0,1,0,0,0
38,23.1,1,0,-1,1,1,1,-1,-1,0,1,-1,1,1,1,0,0,0,-1,-1,1,-1,1,-1,1,0,0,-1,1,1,1,-1,0,-1,1,1,-1,0,1,-1,-1,1,1,1,1,1,-1,0,-1,0,-1,-1,0,0,1,1,1,0,0,0,-1,1,0,1,1,1,-1,-1,0,0,1,1,1,0,0,0,1,0,0,0,0,0,0,1,0,1,0,0,-1,1,1,0,1,1,0,1,0,0,0
38,25.2,1,0,-1,1,1,0,-1,-1,1,1,-1,0,1,1,-1,0,-1,-1,-1,0,1,1,-1,1,-1,1,0,1,0,0,-1,-1,0,0,0,0,-1,1,-1,-1,1,1,1,1,1,-1,0,0,0,0,-1,-1,0,1,1,0,0,0,-1,-1,1,1,1,1,1,-1,0,0,1,-1,1,-1,0,1,-1,1,-1,-1,-1,0,1,-1,0,0,1,-1,1,-1,0,1,1,0,1,0,1,0,0,1
38,28.3,1,-1,-1,1,1,-1,1,0,0,0,0,1,1,1,-1,0,0,-1,-1,1,1,1,-1,1,1,-1,-1,1,-1,1,-1,-1,1,1,1,0,-1,1,-1,-1,1,1,1,1,1,0,0,1,0,-1,-1,0,1,0,1,1,1,0,-1,-1,1,1,1,1,1,-1,0,0,1,1,1,-1,0,0,-1,1,-1,0,0,0,0,-1,-1,1,1,-1,1,0,-1,1,0,0,1,0,1,0,1,1
38,22.3,0,0,-1,1,1,0,1,-1,0,1,-1,0,1,0,-1,0,1,-1,-1,1,1,1,-1,1,0,-1,-1,1,-1,0,-1,0,1,1,0,-1,-1,1,-1,-1,1,0,1,1,0,-1,-1,1,0,0,-1,0,1,0,1,1,1,1,-1,-1,1,0,1,1,1,-1,0,1,-1,1,1,0,0,1,-1,1,-1,0,0,1,1,-1,0,0,1,0,1,-1,-1,1,0,0,1,1,0,-1,0,1
38,20.6,1,0,-1,1,1,-1,1,-1,1,0,1,0,1,0,1,0,1,-1,-1,1,0,1,-1,1,0,0,-1,1,0,0,-1,0,1,0,1,0,-1,1,-1,-1,1,1,1,1,1,-1,1,1,0,-1,-1,-1,1,1,1,1,1,0,0,-1,1,0,0,1,1,-1,-1,0,0,1,1,0,0,1,-1,1,-1,-1,1,1,1,-1,-1,1,1,-1,1,-1,-1,1,0,1,1,0,1,0,0,1
38,19.8,1,0,-1,-1,1,1,0,-1,0,0,1,1,1,0,-1,0,-1,-1,-1,1,0,1,-1,1,1,1,1,1,-1,0,0,-1,1,0,1,-1,-1,1,0,0,1,1,1,1,1,-1,-1,0,-1,-1,-1,1,1,1,1,1,1,1,-1,-1,1,-1,1,1,1,-1,-1,0,-1,0,1,1,0,0,-1,0,-1,-1,1,1,0,0,1,1,1,1,1,-1,-1,1,1,1,1,1,1,0,0,0
38,25.1,1,0,-1,1,1,0,1,-1,0,1,0,1,1,1,0,-1,1,-1,-1,0,1,1,-1,1,1,1,0,1,0,-1,-1,0,1,1,1,-1,0,1,-1,-1,1,1,1,1,1,-1,-1,0,0,-1,0,1,1,-1,1,1,1,1,0,0,1,0,1,1,1,-1,-1,1,0,1,1,-1,1,1,-1,0,1,-1,-1,-1,1,-1,-1,1,1,0,0,-1,-1,1,1,1,1,0,1,0,1,1
38,25,1,-1,-1,1,1,0,0,-1,1,1,0,1,1,0,0,-1,0,-1,-1,1,1,1,-1,1,-1,1,0,1,1,0,0,0,1,0,-1,-1,-1,1,-1,-1,1,1,1,1,1,0,-1,-1,-1,-1,-1,-1,1,-1,1,1,-1,1,0,-1,1,0,1,1,-1,-1,-1,0,-1,1,1,0,1,0,-1,0,-1,-1,1,1,0,-1,1,1,1,-1,1,-1,-1,1,1,1,1,-1,1,-1,0,1
38,17.9,1,-1,-1,1,0,0,0,-1,0,1,0,1,0,0,0,-1,1,-1,0,0,0,1,-1,1,1,0,0,1,0,-1,-1,0,-1,0,0,-1,-1,1,-1,-1,1,0,1,1,1,-1,1,-1,0,0,-1,1,0,-1,1,0,0,1,1,-1,1,-1,1,1,1,-1,0,0,0,-1,1,1,1,1,-1,0,-1,-1,0,1,1,0,-1,1,1,0,1,-1,-1,1,1,0,1,-1,1,1,1,0
38,17.9,1,0,-1,1,1,-1,0,-1,1,1,0,0,1,0,0,1,0,-1,-1,0,0,1,-1,1,1,0,-1,1,0,0,-1,-1,-1,1,0,1,0,1,-1,-1,1,0,1,1,-1,0,1,0,-1,0,-1,-1,0,1,1,1,0,1,-1,0,1,0,0,1,1,-1,0,1,1,0,1,1,-1,0,-1,1,-1,-1,0,0,1,-1,0,1,1,0,1,-1,-1,1,0,0,1,1,1,1,0,1
39,21.8,1,-1,-1,1,1,1,0,-1,1,1,0,-1,1,1,-1,-1,0,-1,-1,1,0,1,-1,1,0,1,0,1,1,1,-1,-1,1,1,1,-1,-1,1,0,0,1,1,1,1,1,-1,0,0,-1,-1,-1,0,1,1,1,1,1,1,-1,-1,1,0,0,1,1,-1,-1,-1,-1,0,1,-1,1,1,0,1,0,-1,0,-1,1,-1,-1,1,1,0,1,-1,-1,1,0,1,1,0,1,1,-1,1
39,29.3,1,-1,-1,1,1,1,0,-1,1,1,-1,1,1,0,-1,-1,1,-1,0,1,1,1,-1,1,0,0,0,1,1,-1,-1,1,0,1,1,-1,1,1,-1,-1,1,0,1,1,1,0,0,0,-1,-1,-1,1,0,-1,1,1,0,0,1,-1,1,-1,1,1,1,-1,0,1,-1,0,1,0,1,1,-1,1,-1,-1,0,0,1,-1,-1,1,1,0,1,-1,-1,1,0,1,1,1,1,0,0,1
40,27.4,1,-1,-1,1,1,0,0,-1,1,1,-1,0,1,0,-1,-1,0,-1,-1,1,0,1,-1,1,1,0,1,1,0,1,-1,0,1,1,1,-1,-1,0,-1,-1,1,1,1,1,0,-1,-1,0,0,-1,-1,1,1,0,1,0,0,-1,0,-1,0,0,1,1,1,-1,1,1,1,1,0,0,1,1,-1,1,-1,-1,0,1,1,-1,0,1,1,-1,0,-1,0,1,0,1,1,1,1,1,1,1
40,26.5,1,-1,-1,1,1,1,0,-1,1,1,0,1,1,0,-1,0,0,-1,-1,1,0,0,-1,1,0,0,0,1,-1,0,-1,-1,1,1,1,0,-1,0,-1,-1,1,1,1,1,1,0,0,-1,-1,-1,-1,-1,0,1,1,0,0,1,-1,-1,1,-1,1,1,1,-1,-1,0,-1,0,1,1,1,0,-1,1,-1,-1,1,1,1,-1,0,1,1,-1,1,-1,-1,1,1,0,1,0,0,1,0,1
40,25.1,0,-1,-1,1,1,1,1,-1,1,1,0,1,1,0,-1,-1,-1,-1,0,1,0,1,-1,1,1,0,-1,1,0,1,-1,0,1,0,-1,-1,0,1,-1,-1,1,0,1,1,1,-1,-1,-1,0,-1,-1,-1,0,0,0,1,1,0,-1,-1,1,0,1,1,1,-1,-1,-1,-1,-1,1,0,-1,1,-1,1,-1,-1,-1,1,0,0,-1,1,1,1,0,-1,-1,1,1,1,1,0,1,-1,0,1
42,20.5,1,-1,-1,1,1,-1,0,0,0,0,1,0,0,-1,-1,0,0,-1,-1,1,0,1,0,1,1,0,-1,1,0,1,-1,-1,0,1,0,-1,0,1,-1,-1,1,1,1,1,1,0,1,-1,0,-1,-1,0,0,1,1,0,0,1,-1,-1,1,0,0,1,1,-1,-1,0,1,0,1,0,1,1,0,0,-1,-1,1,0,1,-1,-1,0,1,-1,0,0,-1,1,1,0,1,1,1,0,1,1
43,28.5,1,-1,-1,1,1,0,0,-1,1,1,0,1,1,1,0,-1,0,-1,-1,1,1,1,-1,1,1,0,0,1,1,0,-1,-1,0,1,1,-1,-1,1,-1,-1,1,1,1,0,0,-1,1,1,0,-1,-1,1,1,-1,1,1,1,1,-1,0,1,-1,1,1,1,-1,-1,0,-1,1,1,0,1,1,-1,1,-1,0,1,-1,0,0,-1,1,1,0,0,-1,-1,1,1,0,1,0,0,-1,0,1
43,22.5,1,-1,-1,1,1,1,0,-1,-1,1,0,-1,1,1,-1,-1,1,-1,0,1,1,1,-1,1,1,1,-1,1,0,-1,-1,0,0,1,1,0,-1,1,0,0,1,0,1,1,0,-1,-1,0,-1,-1,-1,0,0,-1,0,0,-1,1,-1,-1,1,0,0,1,1,-1,0,-1,-1,1,1,0,0,1,0,1,-1,-1,0,0,1,0,0,1,1,1,0,-1,-1,1,0,1,1,1,1,0,0,0
43,25.9,1,1,-1,1,1,0,1,-1,0,1,-1,0,1,1,-1,0,-1,-1,-1,1,-1,1,-1,1,0,0,-1,1,-1,1,-1,-1,0,1,0,-1,-1,1,-1,-1,1,0,1,1,1,0,0,0,-1,-1,-1,0,1,1,1,-1,-1,0,-1,-1,0,0,1,1,1,-1,-1,1,0,0,0,-1,0,1,-1,1,-1,-1,1,0,0,-1,0,1,1,0,0,-1,-1,1,1,1,1,1,1,0,1,1
43,14.7,1,-1,-1,1,1,1,0,-1,1,1,1,1,1,-1,-1,0,1,-1,-1,1,1,0,-1,1,0,1,-1,1,0,1,-1,-1,0,1,1,-1,-1,1,-1,-1,1,0,1,1,1,-1,1,0,0,-1,-1,1,1,0,0,1,1,1,-1,0,1,-1,0,1,1,-1,-1,-1,-1,-1,0,-1,0,0,-1,0,-1,-1,0,-1,1,-1,-1,1,1,1,1,-1,1,1,0,0,1,0,1,1,1,-1
43,19.9,1,-1,-1,1,1,1,0,-1,0,1,0,0,1,1,0,0,1,-1,0,1,0,1,-1,1,1,1,0,1,1,0,-1,-1,0,1,1,0,0,1,-1,-1,1,0,1,1,-1,-1,-1,-1,-1,-1,-1,0,1,1,1,1,0,0,-1,-1,1,0,1,1,1,-1,0,0,-1,0,1,0,1,1,0,0,-1,-1,0,1,0,-1,0,1,1,1,1,0,-1,1,1,0,1,0,1,0,1,0
43,16.9,0,0,-1,1,1,0,-1,-1,1,0,0,1,1,0,0,-1,1,-1,-1,0,1,0,-1,1,0,0,0,1,0,1,-1,0,0,1,1,-1,-1,1,-1,-1,1,1,1,1,0,0,1,0,-1,-1,-1,1,1,0,1,1,1,0,-1,-1,0,0,1,1,1,-1,-1,-1,0,-1,1,0,1,0,-1,1,-1,-1,-1,1,1,-1,0,1,1,0,-1,-1,-1,1,0,0,1,0,1,1,1,1
43,24.9,1,-1,-1,1,1,0,0,-1,1,1,1,0,1,1,0,0,0,-1,-1,1,0,1,1,0,0,0,0,1,0,1,-1,-1,1,1,0,0,-1,1,-1,-1,1,1,1,1,1,0,0,-1,0,-1,-1,0,0,1,1,0,0,1,-1,-1,1,-1,1,1,1,-1,-1,1,0,-1,1,1,0,1,-1,1,-1,-1,1,1,-1,0,1,1,1,0,1,-1,-1,1,1,1,1,0,1,-1,1,0
44,30.1,0,-1,-1,1,1,0,-1,-1,0,1,-1,1,1,0,-1,-1,1,-1,-1,1,-1,1,-1,1,1,1,-1,1,1,0,-1,1,0,1,0,-1,-1,1,-1,-1,1,1,1,0,1,0,-1,1,0,-1,-1,-1,1,0,1,1,1,0,1,-1,1,0,1,1,1,-1,-1,0,0,-1,1,1,0,1,-1,0,-1,-1,1,1,0,1,0,1,1,0,0,-1,-1,1,0,1,1,1,1,-1,-1,1
46,22,0,0,-1,0,1,1,0,-1,1,0,1,0,1,0,-1,0,0,-1,-1,1,0,1,-1,1,0,1,-1,1,1,-1,-1,-1,0,1,1,-1,-1,1,-1,-1,1,1,1,1,1,0,1,1,-1,-1,-1,0,1,1,0,1,-1,0,-1,-1,1,-1,1,1,1,-1,0,0,1,0,1,1,1,0,-1,1,-1,-1,0,1,0,-1,0,0,1,0,1,-1,-1,1,1,1,1,1,1,-1,1,1
46,23,1,-1,-1,1,1,0,0,0,0,0,0,0,1,0,-1,0,1,-1,0,1,0,1,-1,1,1,0,0,1,0,1,-1,-1,1,1,0,-1,-1,1,-1,-1,1,0,1,1,0,-1,-1,-1,-1,-1,-1,0,1,1,1,0,0,0,-1,-1,1,0,0,1,1,-1,-1,0,-1,0,0,0,0,0,-1,0,-1,-1,0,1,1,0,-1,1,1,1,1,-1,-1,0,1,0,1,0,1,0,1,1
47,26.7,0,-1,-1,1,1,-1,1,-1,0,1,0,1,1,1,-1,-1,-1,-1,-1,1,1,1,-1,1,0,0,0,1,1,1,-1,0,1,1,1,1,-1,1,-1,-1,1,1,1,1,1,0,1,0,-1,-1,-1,0,0,1,0,0,0,0,-1,0,0,0,0,1,1,-1,-1,0,1,-1,1,1,0,1,-1,1,-1,0,0,1,1,-1,0,1,1,-1,0,-1,-1,1,1,1,1,1,1,1,1,0
47,24.6,1,-1,-1,1,1,0,0,-1,1,1,0,0,1,1,-1,0,0,-1,-1,1,0,1,-1,1,1,0,0,1,0,1,-1,0,1,0,1,-1,0,1,-1,-1,1,1,1,1,1,0,0,1,0,-1,-1,-1,1,1,1,-1,-1,1,-1,-1,1,-1,1,1,1,-1,-1,0,-1,0,0,-1,0,1,-1,0,0,-1,0,1,1,-1,1,1,1,0,1,-1,-1,1,0,0,1,0,1,-1,1,1
47,28.9,1,-1,-1,1,1,0,0,-1,1,0,1,0,1,1,-1,-1,1,-1,-1,1,1,1,-1,1,1,1,-1,1,1,1,-1,-1,1,0,0,-1,-1,1,-1,-1,1,0,1,1,1,1,0,1,0,-1,-1,1,1,0,1,0,0,1,-1,-1,-1,0,1,1,1,-1,0,0,0,-1,1,1,0,0,-1,1,-1,-1,0,1,0,-1,0,0,1,0,1,-1,1,1,1,1,1,0,0,0,0,1
47,22.3,1,0,-1,1,1,1,0,0,-1,1,0,0,1,0,0,0,1,-1,-1,1,0,1,-1,1,0,0,0,1,-1,0,-1,1,-1,0,1,-1,-1,1,-1,-1,1,1,1,1,1,-1,0,-1,0,-1,-1,0,0,0,0,-1,-1,0,0,-1,0,0,1,1,1,-1,0,0,0,-1,1,0,0,1,-1,1,-1,0,1,1,0,-1,1,0,1,0,0,-1,0,1,0,0,1,-1,1,0,0,1
47,24.7,1,0,-1,1,1,1,0,-1,0,1,0,0,1,1,-1,-1,0,-1,-1,1,0,1,-1,1,0,1,-1,1,-1,1,-1,0,1,0,1,-1,0,1,-1,-1,1,1,1,1,0,-1,0,-1,0,-1,-1,0,1,-1,0,1,1,0,-1,0,1,1,0,1,1,-1,0,0,0,0,1,1,1,1,-1,0,0,-1,0,0,0,-1,-1,1,1,0,1,0,0,1,0,1,1,0,1,0,1,1
48,16.4,1,0,-1,1,1,0,0,-1,1,0,0,-1,1,0,0,-1,1,-1,-1,1,1,1,-1,1,1,1,1,1,0,1,-1,-1,0,0,0,-1,-1,1,-1,-1,1,0,1,1,0,1,0,1,0,-1,-1,0,1,-1,1,-1,0,1,-1,0,1,1,1,1,1,-1,0,-1,0,1,1,0,-1,1,0,1,-1,-1,1,0,1,-1,-1,1,1,-1,0,-1,-1,1,1,1,1,0,1,0,0,1
49,25.3,1,-1,-1,0,1,1,-1,-1,1,1,-1,1,1,0,-1,1,-1,-1,-1,1,1,1,-1,1,0,0,0,1,0,0,-1,0,0,1,0,0,-1,1,-1,-1,1,1,1,1,0,-1,0,1,0,-1,-1,-1,0,-1,1,1,1,0,-1,-1,1,1,1,1,1,-1,-1,0,0,0,1,1,0,1,-1,1,0,0,1,1,1,1,0,1,1,0,0,-1,-1,1,1,1,1,-1,1,0,0,1
49,17.8,1,-1,-1,1,1,1,1,-1,1,0,0,0,1,0,-1,-1,1,-1,-1,0,1,1,-1,1,1,-1,-1,1,0,-1,-1,0,0,1,-1,-1,-1,1,-1,-1,1,-1,1,1,0,1,1,-1,0,-1,-1,-1,1,0,0,1,0,1,-1,-1,1,0,0,1,1,-1,-1,0,-1,0,1,0,0,0,-1,1,-1,-1,0,1,1,0,-1,1,1,0,0,-1,-1,1,1,1,1,1,0,1,1,0
51,28.3,1,-1,-1,1,1,0,0,-1,1,1,0,1,1,0,-1,1,0,0,-1,0,0,1,-1,1,-1,0,0,1,1,0,0,0,1,1,0,-1,-1,1,-1,-1,1,0,1,1,0,-1,-1,0,-1,-1,-1,1,1,-1,0,1,0,0,0,-1,0,1,1,1,1,-1,-1,1,0,1,1,1,-1,-1,-1,1,-1,-1,1,0,1,-1,0,1,1,0,1,-1,0,1,1,1,1,1,1,0,1,-1
51,23.5,1,0,-1,0,1,0,-1,-1,0,1,0,1,1,0,0,-1,0,-1,-1,1,1,1,-1,0,0,0,-1,1,1,0,0,-1,0,1,1,0,0,1,-1,-1,1,1,1,1,0,1,1,1,-1,0,-1,1,1,1,1,0,0,0,-1,-1,1,0,1,1,1,-1,-1,0,-1,1,1,0,0,1,-1,1,-1,-1,1,1,0,-1,1,0,1,1,1,0,0,1,1,1,1,1,1,-1,0,1
51,28.7,1,0,-1,0,1,1,0,0,0,1,0,1,0,0,-1,0,0,-1,-1,1,1,1,-1,1,1,0,-1,1,-1,0,-1,0,1,1,-1,-1,-1,1,-1,-1,1,1,1,1,0,0,0,0,-1,-1,-1,-1,1,-1,0,-1,-1,1,0,-1,1,0,0,1,1,-1,-1,1,0,-1,1,1,0,0,-1,1,-1,0,0,1,1,-1,-1,0,1,0,1,-1,-1,1,1,1,1,1,1,0,1,1
52,21.8,1,0,-1,1,1,1,1,-1,1,1,1,1,1,0,-1,1,1,-1,-1,1,0,1,-1,1,1,1,-1,1,1,0,-1,0,1,1,1,-1,-1,1,-1,-1,1,0,1,1,1,0,1,1,-1,-1,-1,0,1,0,1,1,1,0,-1,-1,1,0,1,1,1,-1,-1,-1,-1,1,0,1,0,0,-1,1,0,0,0,1,1,0,1,1,1,1,1,-1,0,1,1,0,1,1,1,0,1,-1
52,21.5,1,0,-1,1,1,1,0,0,0,-1,1,1,1,0,0,-1,0,-1,-1,1,1,1,-1,1,0,1,1,1,0,1,-1,0,0,1,1,-1,-1,1,-1,-1,1,0,1,1,0,0,1,1,0,-1,-1,1,1,1,1,0,0,1,0,-1,1,-1,1,1,1,-1,-1,-1,-1,0,0,1,0,0,-1,1,-1,-1,1,-1,0,-1,1,1,1,0,1,0,-1,1,0,0,1,0,1,1,-1,1
52,14.1,1,-1,-1,1,1,1,-1,-1,0,-1,1,0,1,0,-1,-1,1,-1,-1,1,1,1,-1,1,1,0,-1,0,1,0,-1,-1,0,0,-1,-1,-1,1,-1,-1,1,0,1,1,0,0,0,1,-1,-1,-1,0,1,1,1,1,1,0,-1,0,1,-1,1,1,1,-1,0,0,-1,-1,1,1,0,-1,-1,1,-1,-1,0,-1,1,-1,-1,1,1,1,1,-1,-1,1,1,1,1,1,1,1,-1,0
53,25.1,1,-1,-1,0,1,1,0,-1,1,0,0,1,1,0,-1,0,0,-1,-1,1,1,1,-1,1,1,0,-1,0,0,0,0,0,0,0,0,-1,-1,1,-1,-1,1,1,1,1,-1,0,0,0,0,0,-1,1,0,1,1,1,0,0,-1,-1,1,0,1,1,1,-1,0,-1,-1,1,1,-1,0,1,-1,1,0,1,0,0,1,-1,0,1,1,1,1,-1,-1,0,1,1,1,0,1,0,0,1
53,21.2,1,1,-1,1,1,1,-1,-1,0,1,-1,1,1,0,-1,-1,0,-1,1,0,1,1,-1,1,0,0,-1,1,1,0,-1,0,-1,0,1,0,0,1,-1,-1,1,1,1,1,0,0,1,-1,0,0,-1,0,1,1,1,0,1,1,-1,-1,0,0,1,1,1,-1,0,-1,0,-1,0,1,0,1,-1,1,-1,0,1,0,0,-1,0,1,1,0,0,-1,-1,1,1,1,1,0,1,-1,0,0
53,20.6,0,0,-1,1,1,0,1,-1,1,0,1,1,1,1,-1,0,0,-1,-1,1,0,1,-1,0,0,-1,0,1,-1,0,-1,-1,1,1,1,0,-1,1,-1,-1,1,0,1,1,0,-1,0,-1,-1,0,-1,-1,1,1,1,0,-1,1,-1,-1,1,-1,1,1,1,-1,-1,-1,0,0,1,1,1,1,-1,1,-1,-1,0,1,1,0,-1,1,1,0,1,0,1,1,1,1,1,0,1,0,0,1
53,21.8,1,1,-1,0,1,0,0,-1,1,1,-1,0,1,0,0,-1,0,-1,-1,1,1,1,-1,1,1,1,0,1,1,0,-1,-1,0,1,1,0,0,1,-1,-1,1,1,1,1,0,0,-1,1,0,-1,-1,1,1,0,0,1,1,1,-1,-1,0,0,0,1,1,-1,-1,0,1,0,0,0,0,0,-1,0,0,0,0,0,1,0,0,1,1,0,0,-1,-1,0,1,0,1,1,1,0,0,0
53,25,1,0,-1,1,1,0,0,-1,1,0,1,1,1,1,-1,-1,0,-1,-1,1,0,1,-1,1,0,1,-1,1,1,1,-1,1,1,0,1,-1,0,1,-1,-1,1,1,1,1,0,0,-1,-1,1,-1,-1,1,1,0,0,1,0,0,0,-1,1,-1,-1,1,1,-1,0,1,-1,-1,1,0,1,1,0,0,-1,-1,-1,1,0,-1,1,1,1,1,1,-1,-1,1,1,0,1,0,1,-1,1,1
53,24.7,1,0,-1,1,1,1,0,-1,1,0,0,0,0,1,-1,-1,0,-1,-1,1,1,1,-1,1,0,-1,0,1,0,1,0,1,1,1,1,0,0,1,-1,-1,1,1,1,1,0,0,1,-1,0,-1,-1,0,1,0,0,0,0,1,-1,-1,1,0,1,1,1,-1,-1,1,-1,0,1,0,-1,1,-1,1,-1,-1,0,1,0,-1,0,1,1,1,1,-1,0,1,1,1,1,1,1,-1,0,1
54,17.7,1,0,-1,1,1,1,0,-1,1,1,1,-1,1,1,-1,-1,0,-1,-1,1,1,1,-1,1,1,0,-1,1,1,1,0,0,1,1,1,-1,-1,1,-1,-1,1,1,1,1,1,0,-1,0,-1,-1,-1,0,1,1,1,-1,-1,1,0,-1,1,0,0,1,1,-1,-1,-1,-1,1,0,1,0,1,-1,0,0,-1,1,0,0,0,0,1,1,-1,1,-1,-1,1,0,-1,1,1,1,0,-1,1
54,19.8,1,0,-1,1,1,0,0,-1,0,-1,0,1,1,-1,-1,-1,0,-1,-1,1,0,1,-1,1,0,1,0,1,0,0,0,-1,0,0,0,1,-1,1,-1,-1,1,0,1,1,0,0,0,-1,0,-1,-1,-1,1,1,1,1,0,0,-1,-1,-1,-1,1,1,1,-1,-1,0,1,1,1,1,1,0,-1,1,-1,-1,1,1,0,0,1,0,1,-1,0,-1,-1,1,1,1,1,1,1,0,0,1
54,18.1,1,-1,-1,1,1,-1,0,-1,1,1,-1,0,1,0,-1,-1,1,-1,-1,1,0,1,-1,1,1,0,1,1,1,1,-1,-1,0,1,1,-1,-1,1,-1,-1,1,1,1,1,1,-1,0,1,0,-1,-1,0,1,0,1,1,-1,1,-1,-1,1,1,0,1,1,-1,-1,1,-1,1,0,0,0,0,-1,1,-1,0,0,1,1,-1,-1,-1,1,1,1,-1,-1,1,1,1,1,0,0,-1,1,0
54,17.2,1,0,-1,1,1,0,1,-1,1,1,-1,1,0,0,0,-1,0,-1,0,1,0,1,-1,1,1,0,0,1,-1,1,0,-1,1,0,1,-1,0,1,-1,-1,1,1,1,1,1,-1,0,-1,0,-1,-1,0,1,0,1,0,0,0,-1,-1,1,0,-1,1,1,-1,0,1,1,1,1,0,0,0,-1,1,-1,1,0,1,0,-1,0,1,1,0,1,-1,-1,1,-1,0,1,1,1,0,1,1
57,20.3,1,0,-1,1,1,0,1,-1,1,1,0,0,1,-1,-1,0,0,-1,0,1,-1,1,-1,0,0,0,-1,1,-1,0,-1,-1,1,1,1,-1,-1,1,-1,-1,1,0,1,1,1,0,0,-1,0,-1,-1,1,1,1,0,1,1,-1,-1,-1,1,0,1,1,1,-1,0,0,0,0,1,-1,-1,0,-1,1,-1,-1,1,1,1,-1,0,1,1,0,1,-1,-1,1,0,0,1,0,1,-1,0,1
57,20.5,1,-1,-1,1,1,1,0,-1,1,1,-1,0,1,1,0,0,1,-1,-1,1,-1,0,-1,1,0,1,1,1,0,0,-1,0,0,0,1,-1,-1,1,-1,-1,1,1,1,1,1,0,0,-1,-1,-1,-1,0,0,0,1,-1,-1,0,0,-1,1,0,-1,1,1,-1,0,1,0,0,0,-1,-1,1,-1,1,-1,-1,0,0,1,-1,-1,1,1,1,1,-1,-1,1,0,1,1,1,1,0,0,1
57,25.4,1,-1,-1,1,1,0,1,-1,0,0,1,1,1,1,0,-1,0,-1,-1,1,0,1,0,1,-1,0,-1,1,1,1,-1,-1,0,1,0,-1,0,1,-1,-1,1,1,1,1,0,0,0,0,-1,-1,-1,-1,1,-1,1,-1,-1,0,-1,-1,0,0,1,1,1,-1,0,0,0,0,1,-1,0,-1,0,1,-1,0,0,0,0,-1,0,1,1,0,0,-1,-1,1,0,1,1,1,1,-1,1,0
57,19,1,-1,-1,1,1,1,1,-1,0,-1,1,0,1,0,-1,1,1,-1,0,1,1,1,0,1,-1,1,1,-1,0,0,-1,-1,1,1,0,0,-1,1,-1,-1,1,1,1,1,0,-1,0,0,0,-1,-1,1,1,0,0,0,0,1,-1,-1,1,0,0,1,1,-1,0,0,1,-1,1,-1,1,1,-1,1,-1,-1,1,1,0,-1,-1,1,1,-1,-1,0,-1,1,1,1,1,1,1,0,0,-1
57,26,1,0,-1,1,1,1,0,-1,1,1,0,0,1,1,-1,-1,0,-1,-1,1,0,1,-1,0,-1,1,-1,1,0,0,-1,-1,1,0,1,1,-1,1,-1,-1,1,0,1,1,1,-1,-1,-1,0,-1,-1,-1,1,0,0,0,0,0,-1,-1,1,1,1,1,1,-1,-1,1,0,0,1,0,1,1,-1,1,-1,-1,1,0,1,0,0,0,1,0,1,0,-1,1,1,1,1,0,0,0,0,1
59,28.5,1,0,-1,1,1,1,-1,-1,1,1,0,1,1,0,-1,-1,-1,-1,-1,1,0,1,-1,1,1,-1,0,1,1,0,-1,1,1,1,1,-1,-1,1,-1,-1,1,1,1,1,-1,-1,0,0,0,-1,-1,1,1,-1,1,1,1,0,0,-1,0,0,1,1,1,-1,0,-1,0,1,0,1,-1,0,-1,1,0,-1,1,1,0,0,0,1,1,0,1,-1,-1,1,1,-1,1,0,1,0,1,1
60,24.4,1,-1,-1,1,1,1,1,-1,0,1,-1,1,1,0,-1,0,0,-1,0,1,1,1,-1,1,-1,0,-1,1,-1,0,-1,1,1,1,1,-1,-1,1,-1,-1,1,1,0,1,1,-1,0,-1,-1,-1,-1,0,1,0,1,1,1,1,-1,-1,1,0,0,1,1,-1,0,0,1,0,1,1,-1,0,-1,1,-1,-1,1,1,1,-1,0,1,1,-1,1,-1,0,1,0,1,1,1,1,0,0,1
60,22.4,0,-1,-1,1,1,0,0,-1,0,0,1,1,1,0,-1,-1,0,-1,0,1,0,1,-1,1,-1,0,-1,1,0,0,-1,-1,-1,1,1,0,-1,1,-1,-1,1,1,1,1,0,0,0,-1,-1,-1,-1,-1,1,0,1,1,1,1,-1,-1,1,-1,0,1,1,-1,0,0,1,0,1,-1,0,0,-1,1,-1,0,0,1,1,-1,-1,-1,1,0,1,-1,-1,1,1,1,1,0,1,0,1,0
60,17.9,1,0,-1,1,1,1,1,-1,0,1,-1,1,0,1,-1,-1,0,-1,-1,1,0,1,-1,1,0,0,1,1,-1,0,-1,0,1,1,-1,-1,-1,1,-1,-1,1,0,1,1,1,-1,-1,0,0,-1,-1,-1,1,0,0,1,1,0,-1,-1,0,0,1,1,1,-1,-1,0,0,1,0,0,0,0,-1,0,-1,-1,1,1,0,-1,0,0,1,0,0,-1,-1,1,1,1,1,0,1,0,0,1
60,15.2,1,-1,-1,1,1,1,0,-1,1,1,0,1,1,0,-1,-1,0,-1,-1,1,0,1,-1,1,1,1,-1,1,1,1,-1,0,0,1,0,0,0,1,-1,-1,1,1,1,1,1,0,0,0,0,-1,-1,1,1,0,1,0,1,0,0,0,1,1,1,1,1,-1,-1,0,1,-1,1,1,1,1,-1,1,0,0,0,1,1,-1,0,1,1,0,0,-1,-1,1,1,1,1,1,1,0,1,1
60,21.5,1,-1,-1,1,1,0,0,-1,1,-1,1,1,1,0,-1,1,0,-1,-1,1,0,1,-1,1,1,0,0,1,1,0,-1,0,1,0,1,0,-1,1,-1,-1,1,0,1,1,1,-1,0,-1,-1,-1,-1,0,1,1,1,0,0,1,0,-1,0,1,1,1,1,-1,-1,0,0,1,1,1,-1,0,-1,1,-1,-1,1,1,0,-1,0,1,0,0,0,-1,0,1,0,1,1,0,1,0,-1,1
61,26.3,1,0,-1,1,1,0,0,0,0,1,-1,0,1,0,0,0,1,-1,-1,0,1,1,-1,0,-1,0,0,1,0,1,0,0,1,1,1,-1,-1,1,-1,-1,1,1,1,1,1,-1,-1,0,0,0,-1,1,0,0,1,-1,-1,1,0,-1,1,1,1,1,1,-1,0,-1,-1,1,1,-1,0,0,-1,1,-1,-1,0,0,1,0,-1,0,1,1,1,0,-1,1,1,0,1,-1,1,-1,1,1
61,20.7,1,-1,-1,1,1,1,-1,-1,1,0,1,0,1,1,-1,-1,0,-1,-1,1,0,1,-1,1,1,0,0,1,0,0,-1,-1,1,0,1,-1,-1,1,-1,-1,1,1,1,1,0,0,0,0,-1,-1,0,0,1,0,1,0,0,1,-1,-1,1,0,0,1,1,-1,-1,-1,-1,0,0,0,1,0,-1,1,-1,0,1,0,1,-1,1,1,1,1,1,-1,-1,1,1,1,1,1,1,-1,0,0
61,20.4,0,-1,-1,1,1,0,1,0,0,1,0,1,1,1,0,-1,1,-1,-1,1,1,1,-1,1,1,1,1,1,-1,-1,-1,0,0,1,0,-1,-1,1,-1,-1,1,1,1,1,1,-1,-1,1,0,-1,-1,0,1,-1,1,1,1,1,-1,-1,1,-1,1,1,1,-1,0,0,0,1,0,0,0,1,-1,-1,-1,-1,0,0,1,-1,1,1,1,0,1,-1,0,1,1,0,1,0,1,0,1,0
61,18.7,1,-1,-1,1,1,0,-1,-1,0,1,-1,1,1,1,0,0,1,-1,-1,1,0,1,-1,1,1,-1,-1,1,-1,0,-1,0,1,1,1,1,-1,1,-1,-1,1,1,1,1,0,0,0,-1,0,-1,-1,1,1,0,0,0,0,0,-1,-1,1,0,1,1,1,-1,0,1,0,0,1,1,-1,1,-1,1,-1,-1,0,0,1,-1,1,1,1,0,0,0,-1,1,0,1,0,-1,1,0,0,1
62,27.5,1,1,-1,1,1,1,0,-1,-1,1,0,0,0,0,-1,-1,0,-1,-1,1,1,1,-1,1,1,1,-1,1,0,1,-1,-1,1,1,1,-1,1,1,0,-1,1,1,1,1,1,-1,-1,0,0,-1,-1,-1,0,1,0,1,0,0,-1,-1,1,-1,1,1,1,-1,0,0,-1,0,1,0,1,1,-1,0,-1,-1,0,1,1,-1,0,1,1,1,0,0,-1,1,-1,1,1,1,1,-1,0,1
62,26.2,1,1,-1,1,1,-1,-1,-1,0,1,-1,1,0,1,-1,-1,1,-1,-1,1,1,1,-1,0,0,0,0,1,1,0,-1,1,0,1,1,1,-1,1,0,0,1,1,1,1,1,-1,0,1,1,-1,-1,1,1,-1,1,1,1,0,1,-1,1,-1,0,1,1,-1,-1,0,1,1,1,-1,1,1,0,1,-1,-1,1,0,1,-1,-1,1,1,-1,0,0,-1,1,0,1,1,1,1,1,0,1
62,24.6,1,-1,-1,1,1,1,0,-1,1,0,1,1,1,1,-1,-1,0,-1,-1,1,-1,1,-1,1,1,1,-1,1,-1,-1,-1,1,0,1,1,-1,-1,1,-1,-1,1,1,1,1,1,0,-1,1,-1,-1,-1,0,1,0,1,0,0,1,-1,-1,0,0,1,1,1,-1,0,-1,0,0,1,0,0,1,-1,1,-1,-1,1,1,1,1,1,1,1,0,1,-1,-1,1,1,-1,1,0,1,1,1,1
62,26.1,1,-1,0,1,1,0,0,-1,1,1,-1,0,1,1,-1,-1,1,-1,-1,1,1,1,-1,1,0,1,-1,1,0,-1,0,0,0,1,1,0,1,1,-1,-1,1,1,1,1,1,-1,0,-1,0,0,-1,1,0,-1,1,1,1,1,0,-1,1,0,1,1,1,-1,-1,0,0,1,1,1,-1,0,-1,0,-1,0,0,1,0,-1,0,0,1,0,0,-1,-1,1,0,0,1,0,1,0,1,1
62,19.6,1,-1,-1,1,1,1,-1,-1,1,1,0,0,1,0,-1,0,1,-1,-1,1,0,1,-1,1,1,1,0,1,0,0,-1,0,1,1,0,-1,-1,1,-1,-1,1,1,1,1,1,0,0,-1,-1,-1,-1,-1,1,1,1,1,-1,-1,-1,-1,1,0,1,1,1,-1,1,1,1,0,0,0,1,1,-1,0,-1,-1,1,0,1,-1,0,1,1,0,0,-1,-1,1,1,1,1,-1,1,0,0,0
62,22.8,1,0,-1,1,1,1,0,-1,0,0,0,1,1,1,-1,-1,1,-1,-1,1,0,1,-1,1,1,1,0,1,0,1,0,-1,0,1,-1,1,-1,1,-1,-1,1,1,1,1,1,-1,0,-1,0,-1,-1,1,1,-1,0,1,-1,-1,-1,-1,0,0,0,1,1,-1,-1,-1,0,-1,0,0,-1,-1,-1,1,-1,-1,0,0,0,-1,-1,1,1,1,1,-1,-1,1,0,0,1,1,1,0,1,1
65,19.2,1,-1,-1,1,1,0,0,-1,0,1,0,0,1,1,-1,0,1,-1,-1,1,-1,1,-1,1,0,-1,-1,1,0,0,-1,1,-1,0,0,1,-1,0,-1,-1,1,1,1,1,1,-1,1,1,0,0,-1,1,1,-1,1,1,0,0,-1,-1,1,0,1,1,1,-1,-1,0,1,1,1,1,0,1,-1,1,-1,0,0,-1,0,-1,-1,1,1,0,0,-1,-1,1,1,0,1,0,1,0,-1,1
65,28.3,1,0,-1,1,1,0,1,-1,1,1,-1,0,1,1,-1,-1,0,-1,-1,1,0,1,-1,0,-1,1,-1,1,-1,1,-1,-1,1,1,1,-1,-1,1,-1,-1,1,0,1,1,0,-1,1,-1,0,-1,-1,1,-1,0,1,-1,0,1,-1,-1,1,1,1,1,1,-1,-1,-1,1,0,1,-1,0,-1,-1,0,-1,-1,1,0,1,-1,-1,1,1,-1,0,-1,-1,1,1,1,1,0,1,0,1,1
65,27.6,1,0,-1,1,1,1,0,-1,0,-1,1,1,1,1,-1,0,1,-1,-1,1,0,1,-1,1,1,0,-1,1,0,0,-1,0,1,1,1,-1,-1,1,-1,-1,1,1,1,1,1,-1,0,0,-1,0,-1,1,1,0,1,1,-1,1,0,-1,1,0,1,1,1,-1,-1,-1,1,0,0,0,0,0,-1,1,-1,0,0,0,1,-1,0,1,1,-1,0,-1,-1,1,0,0,1,1,1,1,0,1
65,28.7,1,-1,-1,1,1,1,1,-1,1,1,-1,1,1,1,-1,-1,0,-1,-1,1,0,0,0,1,-1,0,-1,1,1,1,-1,1,0,1,1,-1,-1,1,-1,-1,1,1,1,1,1,-1,0,-1,-1,-1,-1,1,1,1,0,0,0,0,0,0,1,0,0,1,1,-1,-1,1,-1,0,1,1,-1,1,-1,1,-1,-1,0,0,1,-1,0,1,1,0,1,-1,-1,1,1,1,1,1,1,0,0,1
65,22.1,1,-1,-1,1,1,0,0,-1,-1,0,-1,1,1,1,-1,0,1,-1,-1,1,1,1,-1,1,1,0,0,1,0,0,-1,-1,1,1,0,-1,0,1,-1,-1,1,1,1,1,1,0,1,0,-1,-1,-1,-1,0,0,1,0,0,0,-1,-1,1,1,1,1,1,-1,0,0,0,1,0,0,1,0,-1,1,-1,-1,0,0,1,-1,0,1,1,0,0,-1,-1,1,0,1,1,-1,1,0,0,1
65,14.7,1,-1,-1,1,1,1,-1,-1,0,0,0,-1,1,0,-1,0,0,-1,0,1,0,1,-1,1,1,0,1,1,1,1,-1,-1,1,1,1,-1,-1,1,-1,-1,1,1,1,1,0,0,-1,-1,-1,-1,-1,1,1,0,1,0,-1,1,-1,-1,1,0,0,1,1,-1,-1,-1,1,1,0,-1,0,1,-1,1,-1,-1,0,0,0,-1,-1,1,1,-1,-1,-1,-1,1,1,0,1,0,1,0,0,1
65,27.3,1,1,-1,1,1,1,0,-1,1,1,0,1,0,0,-1,-1,1,-1,-1,1,0,1,-1,1,1,0,-1,1,0,0,-1,-1,1,1,1,0,-1,1,-1,-1,1,1,1,1,0,0,0,0,0,-1,-1,-1,0,0,1,1,1,1,-1,-1,1,-1,1,1,1,-1,-1,0,-1,-1,1,0,0,0,-1,1,-1,0,0,1,-1,0,1,1,1,1,1,-1,-1,1,1,1,1,0,1,-1,0,1
65,28.5,1,-1,-1,1,1,1,1,-1,1,1,1,1,1,0,-1,-1,1,-1,-1,1,1,1,-1,1,1,0,0,0,1,0,-1,-1,1,1,1,-1,-1,1,-1,-1,1,1,1,1,0,-1,1,-1,0,0,-1,-1,1,1,1,0,0,-1,-1,-1,1,0,0,1,1,-1,0,-1,1,0,0,1,1,1,-1,0,-1,-1,0,1,0,0,1,1,1,-1,1,-1,0,1,1,1,1,1,0,-1,1,1
66,23.7,1,-1,-1,1,1,0,0,-1,1,1,0,0,0,0,-1,-1,0,-1,-1,1,1,1,-1,1,0,1,-1,1,1,0,-1,0,0,1,1,-1,-1,1,0,0,1,1,1,1,1,0,0,1,0,-1,-1,1,1,0,1,1,-1,0,0,-1,1,0,0,1,1,-1,-1,1,-1,-1,1,0,0,1,0,1,-1,-1,1,0,0,0,0,0,1,1,1,-1,-1,1,1,1,1,0,1,0,0,1
66,26.5,1,0,-1,0,1,0,0,-1,0,1,1,0,1,0,-1,-1,0,-1,-1,1,1,1,-1,1,1,0,0,1,1,0,-1,-1,1,0,1,0,-1,1,-1,-1,1,0,1,1,1,-1,-1,0,0,-1,-1,0,1,1,1,0,-1,1,-1,-1,1,0,1,1,1,-1,-1,0,-1,0,1,1,1,0,-1,1,-1,-1,-1,1,0,-1,0,1,1,1,0,0,-1,1,1,1,1,0,1,1,1,1
66,19.3,0,0,-1,0,1,0,1,-1,1,1,-1,1,0,1,-1,0,0,-1,-1,0,1,1,-1,1,1,1,-1,0,0,1,-1,1,0,1,1,1,-1,1,-1,-1,1,1,1,0,1,0,0,0,-1,-1,-1,1,1,-1,-1,0,0,0,0,0,1,0,0,1,1,-1,-1,0,0,0,1,-1,1,1,-1,0,0,-1,1,1,1,-1,-1,1,1,0,0,-1,0,1,0,-1,1,-1,1,-1,1,0
66,25.7,1,-1,-1,1,1,1,0,-1,1,1,-1,1,1,0,-1,1,0,-1,-1,1,0,1,-1,1,1,1,1,1,0,1,-1,0,0,1,1,-1,-1,0,-1,-1,1,0,1,1,-1,-1,1,1,0,-1,-1,-1,1,0,1,0,0,1,-1,-1,1,0,0,1,0,-1,-1,1,0,1,1,1,0,1,0,0,-1,-1,0,0,0,-1,1,1,1,0,0,-1,-1,1,0,1,1,1,1,0,0,1
67,31.4,1,-1,-1,1,1,1,1,0,0,1,0,-1,0,0,-1,-1,1,-1,-1,1,0,1,-1,1,0,0,-1,1,1,1,-1,0,1,1,1,0,-1,1,-1,-1,1,0,1,1,1,-1,-1,1,-1,-1,-1,0,1,-1,1,0,0,0,0,0,1,0,1,1,1,-1,-1,-1,0,1,0,0,1,1,0,1,-1,-1,1,1,1,-1,0,1,1,0,0,-1,-1,1,1,1,1,1,1,0,0,1
67,17,1,-1,-1,1,1,1,1,-1,1,1,-1,1,0,0,-1,-1,1,-1,-1,1,-1,0,-1,1,1,0,0,1,0,1,-1,-1,1,1,1,-1,0,1,0,-1,1,0,1,1,1,0,1,1,0,0,-1,0,0,1,1,1,1,-1,-1,-1,1,-1,1,1,1,-1,0,1,-1,0,0,1,1,0,-1,1,-1,-1,1,1,1,-1,0,1,1,0,0,-1,0,1,1,0,1,0,1,0,0,1
68,31.9,1,-1,-1,1,1,1,-1,-1,1,1,0,0,1,0,0,0,1,-1,-1,0,1,1,-1,1,1,0,-1,1,0,0,-1,0,1,1,-1,-1,-1,1,0,0,1,1,1,1,0,0,1,0,-1,-1,-1,-1,0,0,1,1,0,1,-1,-1,1,0,0,1,1,-1,0,0,-1,0,1,1,1,1,-1,1,-1,0,1,1,1,-1,-1,1,1,1,0,0,-1,1,1,1,1,1,1,0,-1,1
68,23.8,1,-1,-1,1,1,0,0,-1,1,0,0,1,1,-1,-1,-1,0,-1,-1,0,1,1,-1,1,0,0,-1,1,-1,0,-1,1,1,1,1,-1,0,1,-1,-1,1,1,1,1,0,1,1,-1,1,-1,-1,1,1,-1,1,1,-1,0,-1,-1,1,1,1,1,1,-1,-1,0,1,0,1,1,0,1,-1,0,-1,-1,0,1,1,-1,1,1,1,-1,1,0,-1,1,0,1,1,0,1,0,1,0
69,21.8,1,-1,-1,1,1,1,1,0,0,-1,1,1,1,0,-1,-1,1,-1,-1,1,0,1,-1,0,0,1,0,0,0,-1,0,-1,1,1,0,-1,-1,1,-1,-1,1,1,1,1,-1,0,-1,1,0,-1,-1,0,0,1,1,0,0,-1,-1,-1,1,1,1,1,1,-1,-1,0,-1,-1,1,1,0,0,-1,0,-1,-1,1,0,1,-1,0,1,1,1,1,-1,-1,1,1,1,1,-1,1,1,0,1
69,24,1,0,-1,1,1,0,0,-1,0,0,1,1,1,0,-1,-1,0,-1,0,1,0,1,-1,1,0,1,-1,1,0,1,-1,-1,1,1,1,-1,0,1,-1,-1,1,1,1,1,1,0,1,-1,-1,-1,-1,0,1,1,1,1,1,0,-1,-1,1,0,1,1,1,-1,-1,0,-1,1,1,0,1,0,0,1,-1,-1,1,0,0,0,0,1,1,0,0,-1,-1,1,0,1,1,1,1,1,1,0
69,23.7,1,-1,-1,1,1,0,1,-1,1,1,-1,1,1,0,0,0,-1,-1,-1,0,0,1,-1,1,0,0,0,1,1,0,-1,0,1,-1,1,-1,-1,1,-1,-1,1,1,1,1,1,-1,0,0,0,0,-1,0,1,1,1,1,0,0,0,0,0,0,1,1,1,-1,-1,0,1,0,1,1,1,1,-1,1,-1,-1,0,1,0,-1,-1,1,1,-1,0,-1,-1,1,1,1,1,1,1,0,1,1
71,23.1,1,-1,-1,1,1,0,-1,-1,1,0,0,1,1,0,-1,-1,0,-1,-1,1,0,1,-1,1,0,0,-1,1,0,0,0,0,0,1,1,0,0,1,-1,-1,1,0,1,1,1,-1,1,0,0,-1,-1,0,1,0,1,1,1,1,-1,-1,1,0,0,1,1,-1,-1,0,-1,-1,1,0,1,1,-1,1,-1,-1,1,1,0,-1,0,1,1,0,1,0,-1,1,1,0,1,0,1,0,0,1
71,13.2,1,-1,-1,1,1,1,0,-1,1,1,-1,0,0,1,-1,-1,-1,-1,-1,1,1,1,-1,1,1,-1,-1,1,1,0,-1,-1,1,1,0,-1,-1,1,-1,-1,1,1,1,1,0,1,0,-1,0,0,-1,-1,1,1,1,0,0,0,-1,-1,1,1,0,1,1,-1,-1,0,1,0,1,1,1,1,-1,1,-1,-1,0,0,0,-1,-1,1,1,0,1,-1,-1,1,1,1,1,0,1,1,0,0
71,26.9,1,0,-1,1,1,0,-1,-1,1,0,0,1,1,0,-1,-1,0,-1,-1,1,1,1,-1,1,1,1,-1,1,-1,1,-1,1,0,1,1,0,-1,1,-1,-1,1,0,1,0,1,1,0,0,-1,-1,-1,0,1,-1,1,1,0,1,-1,0,1,1,0,0,1,-1,1,0,-1,1,0,0,-1,0,-1,0,-1,-1,1,0,1,0,0,1,1,1,1,-1,-1,1,1,1,1,1,1,-1,1,1
72,22.9,1,-1,-1,1,1,0,1,-1,1,1,0,1,1,-1,-1,1,0,-1,-1,1,1,1,-1,1,1,1,-1,1,-1,0,0,0,1,1,1,0,0,1,-1,-1,1,1,1,0,1,-1,0,0,0,-1,-1,0,1,1,-1,1,1,1,0,-1,1,1,1,1,1,-1,-1,0,0,1,1,0,0,0,-1,1,-1,-1,0,-1,1,-1,-1,-1,1,0,1,-1,-1,1,1,1,1,0,1,1,0,1
72,26.1,1,-1,-1,1,1,1,-1,-1,1,1,0,1,1,0,1,-1,0,-1,-1,1,0,1,-1,1,1,0,-1,1,-1,1,-1,-1,0,-1,1,-1,0,1,-1,-1,1,1,1,1,0,1,-1,1,0,-1,-1,-1,1,0,1,1,1,0,-1,-1,1,-1,1,1,1,-1,0,0,1,0,1,1,1,1,-1,0,-1,-1,0,1,0,0,0,1,1,-1,1,-1,-1,1,1,1,1,1,1,0,1,0
72,21.1,1,-1,-1,1,1,0,1,-1,1,1,0,1,1,0,-1,0,0,-1,0,1,1,1,-1,1,1,1,0,1,-1,1,-1,1,1,0,1,-1,-1,1,-1,-1,1,1,1,1,1,-1,0,1,-1,0,-1,-1,0,0,0,1,0,1,1,-1,1,0,1,1,1,-1,-1,0,1,1,1,0,1,1,0,1,0,-1,1,1,1,0,-1,0,1,-1,0,-1,-1,1,1,1,1,0,1,0,-1,1
72,23.5,1,-1,-1,1,1,1,1,-1,0,1,1,1,1,0,0,-1,0,-1,-1,1,0,1,-1,1,0,0,1,1,1,1,-1,0,0,1,1,0,0,1,-1,-1,1,1,1,1,0,-1,0,0,0,-1,-1,-1,1,1,1,1,0,-1,-1,-1,1,-1,-1,1,1,-1,-1,0,0,1,1,0,-1,1,0,1,-1,-1,0,0,0,-1,0,1,1,0,0,-1,-1,1,0,1,1,1,0,-1,1,1
73,27.3,0,0,-1,1,1,1,0,-1,-1,-1,1,1,1,1,-1,-1,0,-1,-1,1,0,1,-1,1,1,0,0,1,1,1,-1,1,1,0,1,-1,0,1,-1,-1,1,0,1,1,0,-1,0,-1,0,-1,-1,-1,0,0,1,0,-1,1,-1,0,1,-1,1,1,1,-1,0,-1,0,0,1,0,1,0,-1,1,-1,-1,0,-1,1,-1,1,0,1,0,0,-1,-1,1,0,1,1,1,1,0,1,1
73,19.5,1,-1,-1,1,1,1,0,0,0,0,1,-1,1,1,-1,1,1,-1,0,1,1,1,-1,1,1,1,-1,1,1,1,-1,1,1,0,0,-1,0,1,-1,-1,1,1,1,1,1,-1,0,0,-1,-1,-1,0,1,1,1,0,0,0,1,-1,1,0,1,1,1,-1,-1,0,0,-1,1,0,1,1,-1,0,-1,-1,-1,1,1,-1,0,-1,1,0,0,-1,-1,1,0,1,1,1,1,1,1,1
74,18.4,1,-1,-1,1,1,1,1,0,0,0,0,0,1,0,-1,-1,1,-1,0,1,0,1,-1,1,0,1,-1,1,0,0,-1,1,-1,1,1,-1,-1,0,-1,-1,1,1,1,1,0,-1,1,0,0,-1,-1,1,1,1,1,0,0,1,0,-1,1,-1,1,1,1,-1,0,0,1,1,1,0,0,1,-1,1,0,-1,1,0,1,-1,0,1,1,-1,1,-1,-1,0,1,0,1,1,1,1,1,1
74,23.9,1,-1,-1,1,1,1,0,-1,1,1,-1,1,1,-1,-1,-1,0,-1,-1,1,0,1,-1,1,0,1,0,1,0,1,-1,1,1,1,0,-1,-1,1,0,0,0,0,1,1,1,0,0,1,0,0,-1,0,1,-1,1,0,0,1,0,0,1,-1,1,1,1,-1,-1,1,-1,0,-1,0,0,1,-1,1,-1,-1,0,1,0,0,0,1,1,1,1,-1,-1,1,0,0,1,0,1,0,0,1
75,24.3,1,-1,-1,1,1,1,0,-1,1,0,1,0,1,0,-1,0,0,-1,-1,1,-1,1,-1,1,1,1,0,1,0,1,-1,-1,-1,1,1,-1,-1,1,-1,-1,1,1,1,1,1,-1,0,0,0,-1,-1,1,1,1,1,-1,-1,-1,-1,-1,1,0,1,1,1,-1,0,-1,0,-1,1,0,0,-1,-1,0,-1,-1,1,1,1,-1,-1,0,1,0,0,-1,-1,1,0,1,1,1,1,0,0,0
75,20.9,1,-1,-1,1,1,1,-1,-1,0,0,1,0,1,1,1,-1,0,-1,-1,1,1,1,-1,1,0,0,-1,1,-1,1,-1,0,-1,1,0,-1,-1,1,-1,-1,1,0,1,1,0,-1,0,0,-1,-1,-1,0,1,-1,0,1,1,1,-1,-1,1,1,1,1,1,-1,-1,1,1,0,1,-1,0,-1,-1,0,-1,0,0,1,1,-1,0,1,1,-1,1,-1,-1,1,1,1,1,0,1,0,0,1
75,27.9,1,-1,-1,1,1,0,1,-1,1,-1,1,0,0,1,-1,1,0,-1,-1,0,1,1,-1,1,1,0,-1,1,0,1,-1,1,0,1,1,-1,-1,1,-1,-1,1,1,1,1,0,0,-1,1,-1,-1,0,1,1,0,1,0,0,0,1,-1,1,0,1,1,1,-1,0,0,0,0,1,0,-1,0,-1,0,-1,-1,0,-1,0,-1,-1,1,1,-1,1,0,-1,1,1,0,1,0,1,-1,1,1
76,26,1,-1,-1,1,1,1,0,-1,1,1,0,1,1,0,0,-1,-1,-1,-1,1,-1,1,-1,1,1,1,0,1,-1,0,-1,-1,0,1,1,0,-1,1,-1,-1,1,1,1,1,0,0,0,-1,0,0,-1,1,1,0,1,0,-1,1,-1,-1,1,1,1,1,1,-1,0,1,0,0,1,-1,1,1,-1,1,-1,-1,0,1,1,-1,0,1,1,0,1,-1,-1,1,0,1,1,0,1,0,0,0
76,24.7,1,0,-1,1,1,1,0,-1,1,1,0,1,1,0,-1,0,-1,-1,-1,1,1,1,-1,1,1,1,0,1,0,0,-1,-1,-1,0,0,0,-1,1,-1,-1,1,1,1,0,1,-1,0,-1,0,-1,-1,-1,0,-1,1,1,1,0,-1,-1,0,-1,1,1,1,-1,-1,0,-1,0,0,0,1,1,-1,1,-1,0,0,-1,0,-1,0,0,1,1,1,-1,-1,1,1,0,1,0,1,-1,1,-1
77,24.3,1,0,-1,-1,1,-1,0,-1,0,1,0,0,1,0,-1,1,1,-1,-1,1,0,1,-1,1,0,0,-1,1,0,1,-1,1,1,0,1,0,-1,1,-1,-1,1,0,1,1,1,-1,0,-1,-1,-1,-1,1,1,0,1,1,0,1,1,-1,0,1,-1,1,1,-1,0,1,-1,0,1,0,1,1,-1,1,-1,0,0,1,1,-1,0,1,1,0,1,-1,0,1,1,1,1,0,1,0,-1,1
77,23.6,1,-1,-1,1,1,1,0,-1,1,1,-1,0,0,0,-1,0,0,-1,-1,1,0,1,-1,1,1,1,1,1,0,1,-1,0,0,0,-1,0,0,1,-1,-1,1,1,1,1,0,-1,0,0,-1,-1,-1,-1,1,0,1,1,1,1,-1,-1,1,1,0,1,1,-1,-1,0,-1,1,0,0,-1,0,0,0,-1,-1,-1,1,1,-1,0,1,1,1,0,-1,-1,1,1,1,1,0,1,1,0,0
77,19.9,1,-1,-1,1,0,0,0,-1,1,0,0,0,1,-1,-1,-1,-1,-1,0,1,1,-1,-1,1,0,1,0,1,1,-1,-1,0,1,1,-1,-1,-1,1,-1,-1,1,0,0,1,1,0,0,-1,0,-1,-1,-1,1,0,1,1,0,1,-1,-1,1,0,1,1,1,-1,-1,-1,0,0,1,1,1,1,-1,1,-1,-1,1,0,0,-1,0,1,1,0,0,-1,-1,1,1,1,1,0,0,0,0,1
77,22,1,1,-1,1,1,0,1,-1,0,1,-1,1,1,1,-1,1,0,-1,-1,1,1,1,-1,1,0,1,-1,1,1,0,0,-1,1,0,0,0,-1,1,-1,-1,1,1,1,1,1,0,0,0,0,-1,-1,0,1,-1,0,0,0,0,0,-1,0,0,1,1,1,-1,1,-1,1,0,1,0,0,0,-1,0,-1,-1,0,1,1,-1,1,1,1,-1,1,-1,-1,1,0,1,1,0,1,-1,1,1
77,29.1,1,-1,-1,1,1,1,0,-1,0,1,-1,0,0,0,-1,-1,0,-1,-1,-1,1,0,-1,-1,-1,1,-1,1,1,1,0,1,-1,0,0,-1,-1,1,-1,-1,1,1,0,1,1,0,0,-1,0,-1,-1,1,1,0,1,-1,-1,1,1,-1,1,0,1,1,1,-1,-1,0,-1,0,1,1,0,1,-1,1,-1,-1,1,1,0,-1,0,1,1,0,1,-1,-1,1,1,1,1,0,1,0,1,1
78,21.9,1,-1,-1,1,1,0,0,-1,-1,-1,0,1,1,1,-1,-1,1,-1,-1,1,1,1,-1,1,0,1,0,1,1,1,0,-1,-1,0,0,0,-1,1,-1,-1,1,1,1,1,1,-1,1,0,-1,0,-1,0,1,1,1,1,0,0,-1,-1,1,-1,1,1,1,-1,0,0,0,0,1,1,1,1,-1,1,-1,-1,1,1,0,-1,0,1,1,0,1,-1,0,1,1,1,1,0,1,1,1,1
78,22.2,1,-1,0,1,1,1,1,-1,1,0,0,1,1,0,0,-1,1,-1,-1,1,1,1,-1,1,1,1,0,1,-1,0,-1,0,0,1,1,0,0,1,0,-1,1,1,1,1,0,-1,0,-1,0,-1,-1,-1,1,1,1,-1,-1,-1,0,-1,1,0,0,1,1,-1,-1,1,0,0,0,1,0,0,-1,1,0,-1,0,1,1,-1,1,1,1,-1,1,-1,-1,1,1,1,1,-1,1,0,0,1
78,16.6,1,-1,-1,1,1,0,0,-1,0,1,0,1,1,1,-1,-1,1,-1,-1,1,0,1,-1,1,1,0,1,1,-1,1,-1,-1,1,1,1,-1,-1,1,-1,-1,1,1,1,1,0,-1,0,0,0,0,-1,-1,1,0,1,0,0,0,-1,-1,1,0,1,1,1,-1,0,1,0,1,1,0,1,0,-1,0,-1,-1,0,-1,1,-1,-1,1,1,-1,1,-1,0,1,0,0,1,0,1,1,1,0
78,21.1,1,-1,-1,1,1,0,1,-1,0,1,0,1,1,1,-1,-1,0,-1,-1,0,-1,1,0,1,1,1,1,1,-1,1,-1,0,0,0,0,-1,-1,1,-1,-1,1,1,1,1,1,-1,-1,1,0,-1,0,-1,1,-1,1,-1,-1,1,-1,-1,1,0,1,1,1,-1,0,0,0,0,1,-1,0,1,-1,1,0,-1,1,0,1,0,-1,0,1,0,1,-1,-1,1,1,1,1,1,1,0,0,1
78,28.2,1,-1,-1,1,1,1,-1,-1,1,0,1,0,1,0,0,-1,1,-1,-1,1,1,0,-1,1,0,1,-1,1,0,0,-1,0,1,1,1,1,0,1,-1,-1,1,0,1,1,0,0,0,-1,-1,-1,-1,0,1,0,0,0,0,0,0,-1,1,-1,0,1,1,-1,-1,0,-1,0,1,1,1,1,0,0,-1,0,1,0,1,-1,1,1,1,1,1,-1,-1,1,1,1,1,0,1,0,-1,1
79,26.7,1,0,-1,1,1,1,1,-1,1,0,1,1,1,1,0,-1,0,-1,-1,1,1,1,-1,1,1,0,-1,0,0,0,-1,0,1,-1,0,-1,-1,1,-1,-1,1,1,1,1,0,0,0,0,0,-1,-1,1,0,0,0,1,0,0,-1,-1,1,-1,1,1,1,-1,0,-1,-1,0,1,1,0,1,-1,1,-1,-1,0,1,0,0,0,1,1,1,0,-1,-1,0,1,0,1,-1,1,0,1,1
